latitude,longitude,offense,time,month,day,year,magnitude
40.6227027620001,-73.9883732929999,Burglary,19:30,09,06,1940,3
40.8037530600001,-73.955861904,Grand Larceny,12:20,12,14,1968,3
40.688874254,-73.9918594329999,Burglary,15:30,10,30,1970,3
40.6674141890001,-73.9220463899999,Motor Larceny,23:00,07,18,1972,3
40.6668988440001,-73.878495425,Grand Larceny,12:01,05,21,1987,3
40.7284698170001,-73.7324430589999,Grand Larceny,09:00,02,01,1990,3
40.671025464,-73.906195082,Grand Larceny,12:01,11,13,1990,3
40.6029515910001,-73.749976261,Grand Larceny,16:00,02,02,1992,3
40.707047475,-73.792611904,Rape,18:00,08,08,1994,3
40.7522284,-73.971924858,Grand Larceny,12:01,10,26,1994,3
40.697963515,-73.9180833619999,Rape,08:00,02,01,1995,3
40.664606373,-73.9523962929999,Grand Larceny,15:00,02,01,1996,3
40.82506399,-73.8773972609999,Grand Larceny,09:00,04,15,1998,3
40.8231164790001,-73.954335162,Grand Larceny,08:00,11,09,1998,3
40.838449934,-73.925553911,Grand Larceny,12:00,12,21,1998,3
40.6757699120001,-73.9151616139999,Grand Larceny,09:00,04,15,1999,3
40.839914838,-73.864413554,Grand Larceny,08:00,11,09,1999,3
40.7430801680001,-73.954736461,Rape,20:00,01,09,2000,3
40.8899712210001,-73.854202605,Robbery,21:30,01,09,2000,3
40.838052921,-73.859000051,Grand Larceny,10:00,02,11,2000,3
40.657491384,-73.977839495,Grand Larceny,12:01,02,22,2000,3
40.634837755,-74.008457521,Grand Larceny,12:01,03,23,2000,3
40.8870891880001,-73.867785667,Motor Larceny,17:00,04,20,2000,3
40.6607063600001,-73.9412148439999,Grand Larceny,08:00,07,21,2000,3
40.677462695,-73.799467341,Grand Larceny,23:00,07,25,2000,3
40.762642402,-73.758672201,Grand Larceny,10:00,07,30,2000,3
40.721959482,-73.878993913,Grand Larceny,11:45,07,30,2000,3
40.70317648,-73.830659498,Grand Larceny,01:00,09,27,2000,3
40.6630556750001,-73.910971382,Grand Larceny,00:00,10,13,2000,3
40.641089987,-74.012713774,Burglary,17:20,11,17,2000,3
40.755616236,-73.884902833,Grand Larceny,16:00,11,19,2000,3
40.607351185,-73.9551021889999,Burglary,20:00,12,09,2000,3
40.733160126,-73.9534730939999,Grand Larceny,12:00,01,09,2001,3
40.686886611,-73.9546123439999,Grand Larceny,12:01,01,09,2001,3
40.686886611,-73.9546123439999,Grand Larceny,00:00,01,09,2001,3
40.6279777550001,-73.941647157,Rape,15:00,01,09,2001,3
40.800694331,-73.941109286,Rape,12:01,02,11,2001,3
40.631938635,-74.1634738339999,Grand Larceny,12:00,04,20,2001,3
40.6619555780001,-73.9231701319999,Grand Larceny,12:01,04,20,2001,3
40.8519637260001,-73.932612741,Burglary,03:50,07,21,2001,3
40.5809486970001,-73.971474848,Grand Larceny,00:00,07,25,2001,3
40.671106911,-73.881432957,Rape,00:00,11,19,2001,3
40.707878545,-74.0132783669999,Grand Larceny,09:00,11,21,2001,3
40.773738875,-73.738297873,Grand Larceny,13:00,11,21,2001,3
40.773639029,-73.979699942,Grand Larceny,09:00,01,10,2002,3
40.698576137,-73.911399992,Grand Larceny,12:01,02,22,2002,3
40.8411350710001,-73.914824242,Grand Larceny,12:01,02,22,2002,3
40.7212654310001,-73.9956109939999,Grand Larceny,10:00,02,22,2002,3
40.7092560580001,-73.953579953,Grand Larceny,00:00,04,20,2002,3
40.657739603,-73.868597031,Grand Larceny,14:30,04,20,2002,3
40.7259781990001,-73.7536348909999,Grand Larceny,00:00,05,06,2002,3
40.8654281460001,-73.867864886,Robbery,03:32,06,27,2002,3
40.706978808,-74.007121329,Grand Larceny,00:00,07,21,2002,3
40.6029515910001,-73.749976261,Rape,00:00,07,25,2002,3
40.7276065140001,-73.97781979,Grand Larceny,09:00,07,30,2002,3
40.887451313,-73.847607787,Rape,00:00,07,30,2002,3
40.6688547050001,-73.8674937019999,Grand Larceny,15:00,09,27,2002,3
40.767070824,-73.828197411,Grand Larceny,12:01,10,13,2002,3
40.7529090680001,-73.827133091,Grand Larceny,12:01,10,15,2002,3
40.688872153,-73.9445290319999,Rape,07:00,10,15,2002,3
40.6231985480001,-73.946197442,Grand Larceny,11:00,10,15,2002,3
40.7568749110001,-73.970544057,Rape,12:01,11,25,2002,3
40.7693060870001,-73.91550818,Grand Larceny,00:00,01,10,2003,3
40.7094363950001,-73.951595997,Grand Larceny,09:00,02,11,2003,3
40.684877773,-73.973171916,Burglary,12:30,03,17,2003,3
40.8163661450001,-73.867626311,Felony Assault,13:30,03,19,2003,3
40.826104646,-73.819271913,Felony Assault,16:30,03,23,2003,3
40.8346233600001,-73.920766358,Robbery,18:30,03,23,2003,3
40.7450253480001,-73.9040879579999,Grand Larceny,00:00,04,20,2003,3
40.7651501610001,-73.8757025579999,Grand Larceny,09:00,05,06,2003,3
40.6578837220001,-73.913540855,Grand Larceny,11:30,05,06,2003,3
40.64085528,-73.958207273,Grand Larceny,15:00,09,07,2003,3
40.741335006,-73.993949675,Grand Larceny,21:30,10,13,2003,3
40.825050768,-73.865535037,Grand Larceny,12:01,10,15,2003,3
40.806493351,-73.9672566519999,Grand Larceny,09:00,10,15,2003,3
40.676191208,-73.944341295,Grand Larceny,12:00,11,19,2003,3
40.645101937,-74.0193593669999,Grand Larceny,08:00,11,21,2003,3
40.7555393910001,-73.9206943899999,Grand Larceny,12:01,12,09,2003,3
40.714542529,-74.0156712949999,Grand Larceny,00:00,01,09,2004,3
40.729028172,-73.977173481,Felony Assault,09:00,01,10,2004,3
40.688872153,-73.9445290319999,Rape,20:00,01,10,2004,3
40.8107727670001,-73.9525915899999,Grand Larceny,10:45,02,11,2004,3
40.772129009,-73.966237373,Grand Larceny,13:00,03,23,2004,3
40.6434474760001,-73.984939246,Motor Larceny,16:00,03,23,2004,3
40.602603179,-74.0030876609999,Rape,17:30,04,20,2004,3
40.671941046,-73.947524395,Grand Larceny,08:00,05,06,2004,3
40.8284414080001,-73.8549625479999,Grand Larceny,12:01,06,27,2004,3
40.589862313,-74.191001157,Grand Larceny,12:01,07,21,2004,3
40.5992926980001,-73.991744317,Grand Larceny,00:00,07,21,2004,3
40.6929761100001,-73.849862531,Grand Larceny,12:01,07,25,2004,3
40.658510198,-73.926327784,Grand Larceny,00:00,07,30,2004,3
40.6626928050001,-73.88830716,Grand Larceny,15:30,07,30,2004,3
40.885880892,-73.835286211,Grand Larceny,13:00,08,06,2004,3
40.6380582400001,-73.88540105,Grand Larceny,09:00,10,13,2004,3
40.7048845790001,-73.896138792,Grand Larceny,12:00,10,15,2004,3
40.5679445260001,-74.112383138,Grand Larceny,12:01,10,15,2004,3
40.662176092,-73.997824381,Grand Larceny,12:01,10,15,2004,3
40.7950567250001,-73.969642323,Grand Larceny,12:01,10,15,2004,3
40.7635022590001,-73.882546384,Grand Larceny,00:00,10,15,2004,3
40.8373235110001,-73.9198307569999,Rape,16:30,10,15,2004,3
40.600466161,-73.759622086,Grand Larceny,08:00,11,17,2004,3
40.870792818,-73.884649242,Grand Larceny,16:19,11,17,2004,3
40.756860977,-73.875656664,Grand Larceny,12:00,11,19,2004,3
40.7555393910001,-73.9206943899999,Grand Larceny,09:00,11,19,2004,3
40.8494564280001,-73.921728235,Grand Larceny,09:00,11,19,2004,3
40.7453644230001,-73.78077086,Grand Larceny,11:00,11,19,2004,3
40.8225914020001,-73.8777775789999,Grand Larceny,11:00,11,21,2004,3
40.7114830990001,-73.995525067,Grand Larceny,10:00,11,25,2004,3
40.8373235110001,-73.9198307569999,Rape,18:00,11,25,2004,3
40.800112068,-73.967989389,Grand Larceny,09:00,12,09,2004,3
40.64085528,-73.958207273,Grand Larceny,12:00,01,09,2005,3
40.6340382320001,-73.947291187,Grand Larceny,12:01,01,09,2005,3
40.738219595,-73.992012181,Grand Larceny,08:00,01,09,2005,3
40.690600181,-73.9713522179999,Grand Larceny,09:00,01,09,2005,3
40.6694848440001,-73.912134362,Robbery,00:15,01,09,2005,3
40.7141400030001,-73.909214973,Grand Larceny,13:20,01,09,2005,3
40.883295441,-73.851504945,Grand Larceny,19:00,01,09,2005,3
40.725480346,-73.983961028,Grand Larceny,21:15,01,09,2005,3
40.6244891010001,-74.0159635539999,Grand Larceny,09:00,01,10,2005,3
40.8536505060001,-73.8338080519999,Grand Larceny,00:00,01,10,2005,3
40.6851920440001,-73.854221267,Motor Larceny,16:00,01,10,2005,3
40.686209804,-73.95073667,Felony Assault,04:55,02,11,2005,3
40.7679551100001,-73.982362342,Grand Larceny,09:00,02,11,2005,3
40.740123356,-73.9822145379999,Grand Larceny,09:45,02,11,2005,3
40.6993667400001,-73.8922236029999,Grand Larceny,00:00,02,11,2005,3
40.8517775820001,-73.8428639109999,Grand Larceny,12:01,02,22,2005,3
40.876033976,-73.837964754,Grand Larceny,18:00,02,22,2005,3
40.7420875920001,-73.879758496,Grand Larceny,09:00,03,17,2005,3
40.760185479,-73.767842585,Grand Larceny,09:00,03,17,2005,3
40.6694057810001,-73.9745119139999,Grand Larceny,11:00,03,23,2005,3
40.644726131,-74.0774831589999,Rape,15:30,03,23,2005,3
40.607431498,-73.9757168479999,Grand Larceny,18:00,03,23,2005,3
40.65605864,-73.8971086179999,Burglary,06:55,04,20,2005,3
40.57517783,-73.966686094,Grand Larceny,08:00,04,20,2005,3
40.8302648110001,-73.906205469,Grand Larceny,09:30,04,20,2005,3
40.6153859610001,-74.079102366,Grand Larceny,16:00,04,20,2005,3
40.6971375530001,-73.9599174429999,Felony Assault,18:40,04,20,2005,3
40.6459682990001,-73.950031258,Felony Assault,15:30,05,06,2005,3
40.837662063,-73.899968261,Robbery,18:45,05,06,2005,3
40.691822917,-73.966083311,Grand Larceny,12:00,06,27,2005,3
40.7755468300001,-73.946200728,Grand Larceny,12:01,06,27,2005,3
40.7062220130001,-73.950974356,Grand Larceny,12:01,06,27,2005,3
40.6996935970001,-73.766488035,Grand Larceny,09:00,06,27,2005,3
40.7816627820001,-73.834439086,Grand Larceny,09:00,06,27,2005,3
40.709434495,-73.873306821,Grand Larceny,22:30,06,27,2005,3
40.853853379,-73.917688948,Grand Larceny,08:00,07,08,2005,3
40.6691833190001,-73.938042369,Grand Larceny,13:15,07,08,2005,3
40.75491564,-73.9724759659999,Grand Larceny,17:00,07,08,2005,3
40.8422948790001,-73.916937046,Motor Larceny,12:01,07,21,2005,3
40.7562176760001,-73.82977027,Grand Larceny,00:00,07,21,2005,3
40.6876681540001,-73.775865559,Grand Larceny,10:30,07,25,2005,3
40.848447832,-73.923905353,Grand Larceny,15:00,07,25,2005,3
40.7585141710001,-73.9907211139999,Grand Larceny,17:00,07,25,2005,3
40.7392160090001,-73.884566696,Grand Larceny,19:00,07,25,2005,3
40.714127476,-73.980443115,Grand Larceny,12:00,07,30,2005,3
40.757459628,-73.919132771,Grand Larceny,12:01,07,30,2005,3
40.857761581,-73.8880446479999,Burglary,12:01,09,05,2005,3
40.74661324,-73.9956815049999,Grand Larceny,09:00,09,05,2005,3
40.852690753,-73.904879772,Grand Larceny,09:00,09,05,2005,3
40.8759473550001,-73.833036352,Grand Larceny,09:00,09,05,2005,3
40.5910303580001,-74.088038932,Grand Larceny,00:00,09,05,2005,3
40.823101299,-73.8696904609999,Rape,00:00,09,05,2005,3
40.691396872,-73.9382200589999,Grand Larceny,13:00,09,05,2005,3
40.762919094,-73.9620365549999,Grand Larceny,17:00,09,05,2005,3
40.7962543680001,-73.973455697,Felony Assault,03:30,09,07,2005,3
40.690723948,-73.9885561569999,Grand Larceny,07:00,09,07,2005,3
40.7405093350001,-73.903019082,Grand Larceny,08:45,09,07,2005,3
40.7460734220001,-73.978925198,Grand Larceny,09:00,09,07,2005,3
40.8154401260001,-73.938036272,Grand Larceny,09:00,09,07,2005,3
40.719971668,-73.8442352869999,Grand Larceny,09:30,09,07,2005,3
40.8466226640001,-73.9160786419999,Grand Larceny,00:00,09,07,2005,3
40.8112367580001,-73.931089772,Grand Larceny,17:00,09,07,2005,3
40.7511922730001,-73.978356931,Grand Larceny,12:05,10,13,2005,3
40.641966358,-73.9752430569999,Grand Larceny,09:00,10,13,2005,3
40.6730303310001,-73.7676160249999,Grand Larceny,09:00,10,13,2005,3
40.7510286180001,-73.9847886059999,Grand Larceny,09:00,10,13,2005,3
40.6645922610001,-73.9785328139999,Grand Larceny,00:00,10,13,2005,3
40.7553167070001,-73.993053262,Grand Larceny,00:00,10,13,2005,3
40.61384715,-73.981437773,Robbery,15:00,10,13,2005,3
40.754763466,-73.796264077,Grand Larceny,12:00,10,15,2005,3
40.6196319200001,-73.956466333,Grand Larceny,12:25,10,15,2005,3
40.6838020330001,-73.871689741,Grand Larceny,09:00,10,15,2005,3
40.826036645,-73.8892615029999,Grand Larceny,09:00,10,15,2005,3
40.621429167,-74.0277276319999,Grand Larceny,10:00,10,15,2005,3
40.7673241000001,-73.984297521,Burglary,11:00,10,15,2005,3
40.565164252,-74.139699815,Grand Larceny,00:00,10,15,2005,3
40.7911518670001,-73.884371919,Felony Assault,14:35,10,15,2005,3
40.812783376,-73.9092393729999,Grand Larceny,15:00,10,15,2005,3
40.623992335,-73.961168153,Grand Larceny,17:00,10,15,2005,3
40.746796062,-73.983674396,Robbery,17:00,10,15,2005,3
40.695627657,-73.817627748,Motor Larceny,18:00,10,15,2005,3
40.8399082010001,-73.936083587,Rape,18:00,10,15,2005,3
40.8107727670001,-73.9525915899999,Burglary,12:35,11,17,2005,3
40.8690585320001,-73.8796301479999,Grand Larceny,08:00,11,17,2005,3
40.74889441,-73.779452744,Grand Larceny,11:00,11,17,2005,3
40.7291427530001,-74.0070334979999,Grand Larceny,00:00,11,17,2005,3
40.7625533660001,-73.9689387779999,Grand Larceny,00:00,11,17,2005,3
40.6657874650001,-73.9194133249999,Robbery,17:05,11,17,2005,3
40.670399527,-73.956624257,Grand Larceny,22:27,11,17,2005,3
40.711128381,-73.747027518,Grand Larceny,12:01,11,19,2005,3
40.856162957,-73.844397124,Rape,01:30,11,19,2005,3
40.7142366630001,-73.9577464349999,Grand Larceny,03:00,11,19,2005,3
40.6763949050001,-73.910463272,Grand Larceny,07:00,11,19,2005,3
40.784051167,-73.948707117,Grand Larceny,08:00,11,19,2005,3
40.783795598,-73.857114456,Burglary,09:00,11,19,2005,3
40.7771894630001,-73.943148416,Grand Larceny,14:00,11,19,2005,3
40.680263799,-74.009494424,Grand Larceny,15:00,11,19,2005,3
40.774502376,-73.955679103,Grand Larceny,12:00,11,21,2005,3
40.57517783,-73.966686094,Grand Larceny,12:01,11,21,2005,3
40.690723948,-73.9885561569999,Grand Larceny,12:01,11,21,2005,3
40.7554691460001,-73.98155352,Grand Larceny,12:01,11,21,2005,3
40.7748934320001,-73.82461004,Grand Larceny,12:01,11,21,2005,3
40.8833402540001,-73.914730391,Burglary,07:15,11,21,2005,3
40.6951963170001,-73.934491339,Grand Larceny,09:00,11,21,2005,3
40.6438922740001,-73.947852744,Grand Larceny,10:00,11,21,2005,3
40.7791676680001,-73.953740642,Grand Larceny,10:55,11,21,2005,3
40.756310781,-73.860205397,Burglary,11:30,11,21,2005,3
40.6838790570001,-74.000325948,Rape,00:00,11,21,2005,3
40.750664208,-73.990866575,Grand Larceny,16:35,11,21,2005,3
40.753799821,-73.978558209,Grand Larceny,17:00,11,21,2005,3
40.849587813,-73.9343501389999,Grand Larceny,17:51,11,21,2005,3
40.5924787550001,-73.7996973469999,Grand Larceny,18:00,11,21,2005,3
40.7762496870001,-73.952937509,Grand Larceny,12:00,11,25,2005,3
40.7578390030001,-73.991212111,Grand Larceny,01:00,11,25,2005,3
40.5970793830001,-74.058768029,Grand Larceny,09:00,11,25,2005,3
40.6910085750001,-73.914727539,Grand Larceny,09:00,11,25,2005,3
40.752856835,-73.97146621,Grand Larceny,10:10,11,25,2005,3
40.753063427,-73.9965473239999,Grand Larceny,00:00,11,25,2005,3
40.90979643,-73.907818933,Grand Larceny,00:00,11,25,2005,3
40.638808102,-73.914394294,Grand Larceny,00:30,11,25,2005,3
40.669193922,-73.9052495989999,Grand Larceny,13:00,11,25,2005,3
40.7911518670001,-73.884371919,Felony Assault,13:30,11,25,2005,3
40.8288510450001,-73.943834191,Rape,15:00,11,25,2005,3
40.74661324,-73.9956815049999,Grand Larceny,15:47,11,25,2005,3
40.682994889,-73.920012683,Grand Larceny,18:00,11,25,2005,3
40.623992335,-73.961168153,Grand Larceny,20:00,11,25,2005,3
40.610844419,-73.9224978199999,Robbery,23:00,11,25,2005,3
40.7294109870001,-73.806303424,Grand Larceny,12:00,12,09,2005,3
40.7805249630001,-73.909752748,Grand Larceny,12:00,12,09,2005,3
40.766755511,-73.767393693,Grand Larceny,12:01,12,09,2005,3
40.8175673900001,-73.9382329969999,Grand Larceny,12:01,12,09,2005,3
40.7452527410001,-73.87006287,Grand Larceny,12:01,12,09,2005,3
40.704417662,-73.806617692,Grand Larceny,08:00,12,09,2005,3
40.7513993860001,-73.986625622,Grand Larceny,08:00,12,09,2005,3
40.6569063800001,-73.885091156,Grand Larceny,09:00,12,09,2005,3
40.753165429,-73.921050931,Grand Larceny,09:00,12,09,2005,3
40.8772308600001,-73.865932146,Grand Larceny,09:00,12,09,2005,3
40.8056225450001,-73.879459503,Grand Larceny,09:30,12,09,2005,3
40.589773988,-73.964342088,Grand Larceny,10:00,12,09,2005,3
40.707730885,-73.955907446,Grand Larceny,00:00,12,09,2005,3
40.7128888020001,-73.817172912,Grand Larceny,00:00,12,09,2005,3
40.784014589,-73.982480862,Grand Larceny,00:00,12,09,2005,3
40.6639963330001,-73.893848712,Grand Larceny,15:00,12,09,2005,3
40.8690585320001,-73.8796301479999,Rape,16:00,12,09,2005,3
40.7619285800001,-73.990088922,Grand Larceny,16:55,12,09,2005,3
40.6721383410001,-73.911218815,Burglary,19:00,12,09,2005,3
40.809628853,-73.941975579,Grand Larceny,22:00,12,09,2005,3
40.6997596520001,-73.8385879319999,Grand Larceny,12:00,01,09,2006,3
40.7146054090001,-74.017402787,Grand Larceny,12:00,01,09,2006,3
40.7937230380001,-73.9706144319999,Grand Larceny,12:00,01,09,2006,3
40.843673874,-73.868096037,Burglary,12:00,01,09,2006,3
40.8567764490001,-73.841409732,Burglary,12:00,01,09,2006,3
40.874116084,-73.884090246,Burglary,12:00,01,09,2006,3
40.647774242,-74.000372617,Grand Larceny,12:01,01,09,2006,3
40.6740281510001,-73.876961105,Grand Larceny,12:01,01,09,2006,3
40.7123622720001,-73.89122506,Motor Larceny,12:01,01,09,2006,3
40.757449518,-73.9961211679999,Burglary,12:01,01,09,2006,3
40.706200116,-73.9345382349999,Burglary,12:05,01,09,2006,3
40.6748813620001,-74.008660882,Felony Assault,12:30,01,09,2006,3
40.7660915010001,-73.907710976,Motor Larceny,12:30,01,09,2006,3
40.83071534,-73.824318353,Grand Larceny,12:30,01,09,2006,3
40.5864655290001,-73.8165217229999,Grand Larceny,12:30,01,09,2006,3
40.831757592,-73.8668079239999,Grand Larceny,12:33,01,09,2006,3
40.7578334730001,-73.9199336459999,Robbery,12:34,01,09,2006,3
40.6682095030001,-73.9031025749999,Robbery,12:50,01,09,2006,3
40.8875658370001,-73.862298288,Robbery,01:00,01,09,2006,3
40.801612348,-73.94366574,Grand Larceny,01:15,01,09,2006,3
40.8280127790001,-73.9079177789999,Burglary,01:45,01,09,2006,3
40.8687566890001,-73.9210257839999,Robbery,01:45,01,09,2006,3
40.791261251,-73.947968449,Felony Assault,01:50,01,09,2006,3
40.646788203,-74.012340089,Burglary,02:00,01,09,2006,3
40.64794633,-73.9713056639999,Burglary,02:00,01,09,2006,3
40.667554464,-73.940978107,Grand Larceny,02:00,01,09,2006,3
40.6727171640001,-73.7393143259999,Robbery,02:00,01,09,2006,3
40.7234395990001,-73.822378782,Burglary,02:00,01,09,2006,3
40.7648300550001,-73.822077072,Robbery,02:00,01,09,2006,3
40.6229569820001,-73.9595297129999,Motor Larceny,02:15,01,09,2006,3
40.5380356200001,-74.149713116,Burglary,03:00,01,09,2006,3
40.7538102890001,-73.805355399,Robbery,03:17,01,09,2006,3
40.7820307540001,-73.971724525,Robbery,03:55,01,09,2006,3
40.687685141,-73.947677872,Burglary,04:00,01,09,2006,3
40.6904404490001,-73.90766784,Grand Larceny,04:10,01,09,2006,3
40.6694668170001,-73.8628314709999,Robbery,04:13,01,09,2006,3
40.587317908,-73.9393712469999,Felony Assault,04:15,01,09,2006,3
40.6863190660001,-73.974440547,Robbery,04:15,01,09,2006,3
40.7568749110001,-73.970544057,Rape,04:20,01,09,2006,3
40.7507262030001,-73.8587662159999,Robbery,04:30,01,09,2006,3
40.843901255,-73.900504632,Rape,04:30,01,09,2006,3
40.6113105260001,-74.069718807,Motor Larceny,05:00,01,09,2006,3
40.6836785340001,-73.788137945,Burglary,05:00,01,09,2006,3
40.697963515,-73.9180833619999,Rape,05:00,01,09,2006,3
40.762900759,-73.867025036,Motor Larceny,05:00,01,09,2006,3
40.6689837390001,-73.906673784,Felony Assault,05:50,01,09,2006,3
40.715658596,-73.977917556,Robbery,05:50,01,09,2006,3
40.6033651660001,-73.947286592,Motor Larceny,06:00,01,09,2006,3
40.681837327,-73.8373874219999,Burglary,06:00,01,09,2006,3
40.695156986,-73.9733769389999,Burglary,06:00,01,09,2006,3
40.7711443380001,-73.826573093,Burglary,06:00,01,09,2006,3
40.847913578,-73.9099938539999,Motor Larceny,06:00,01,09,2006,3
40.6186461400001,-74.123443982,Burglary,07:00,01,09,2006,3
40.6832338130001,-73.992840831,Burglary,07:00,01,09,2006,3
40.724743118,-73.974837099,Grand Larceny,07:00,01,09,2006,3
40.7253027310001,-73.8575176689999,Burglary,07:15,01,09,2006,3
40.7773483230001,-73.9624291109999,Burglary,07:15,01,09,2006,3
40.64410021,-73.9598736299999,Burglary,07:30,01,09,2006,3
40.6804174640001,-73.9729501749999,Burglary,07:30,01,09,2006,3
40.7080002650001,-73.9441668549999,Felony Assault,07:30,01,09,2006,3
40.6778998670001,-73.984282521,Burglary,07:40,01,09,2006,3
40.6994691570001,-73.893146682,Robbery,07:45,01,09,2006,3
40.7147286160001,-73.946130777,Grand Larceny,07:45,01,09,2006,3
40.7485733300001,-73.976066015,Grand Larceny,07:45,01,09,2006,3
40.602840257,-73.952065805,Burglary,08:00,01,09,2006,3
40.6124106790001,-74.023689958,Grand Larceny,08:00,01,09,2006,3
40.62179366,-73.970020104,Grand Larceny,08:00,01,09,2006,3
40.669615171,-73.906838722,Grand Larceny,08:00,01,09,2006,3
40.7607952180001,-73.871581133,Burglary,08:00,01,09,2006,3
40.786841313,-73.9521861229999,Grand Larceny,08:00,01,09,2006,3
40.857714908,-73.903198838,Burglary,08:00,01,09,2006,3
40.685943052,-73.9958729269999,Burglary,08:15,01,09,2006,3
40.634517407,-73.9343635509999,Grand Larceny,08:20,01,09,2006,3
40.65388611,-73.9544978439999,Burglary,08:20,01,09,2006,3
40.6161098580001,-73.9551863459999,Burglary,08:30,01,09,2006,3
40.627307984,-73.922932622,Burglary,08:30,01,09,2006,3
40.7014843150001,-73.944421162,Burglary,08:30,01,09,2006,3
40.701282946,-73.905099405,Burglary,08:30,01,09,2006,3
40.719094919,-73.977313968,Robbery,08:30,01,09,2006,3
40.7605859670001,-73.9859271,Grand Larceny,08:30,01,09,2006,3
40.773312409,-73.959059252,Grand Larceny,08:30,01,09,2006,3
40.715528594,-74.009239725,Grand Larceny,08:35,01,09,2006,3
40.739161316,-74.0011056719999,Burglary,08:45,01,09,2006,3
40.757240531,-73.9897936369999,Grand Larceny,08:45,01,09,2006,3
40.6980544840001,-73.9148411429999,Burglary,08:50,01,09,2006,3
40.70461549,-73.9022922509999,Robbery,08:50,01,09,2006,3
40.8043840460001,-73.9374216689999,Grand Larceny,08:50,01,09,2006,3
40.658378671,-73.8861842969999,Grand Larceny,09:00,01,09,2006,3
40.659218138,-73.935085327,Grand Larceny,09:00,01,09,2006,3
40.7021071140001,-73.8069453809999,Felony Assault,09:00,01,09,2006,3
40.7041348070001,-73.905156658,Grand Larceny,09:00,01,09,2006,3
40.7183340760001,-74.00279361,Grand Larceny,09:00,01,09,2006,3
40.719597542,-73.940012106,Motor Larceny,09:00,01,09,2006,3
40.745618945,-73.986619565,Grand Larceny,09:00,01,09,2006,3
40.748006952,-73.892559956,Felony Assault,09:00,01,09,2006,3
40.7518955640001,-73.982048979,Grand Larceny,09:00,01,09,2006,3
40.8252411810001,-73.94269184,Grand Larceny,09:00,01,09,2006,3
40.8326356010001,-73.868941832,Grand Larceny,09:00,01,09,2006,3
40.8403966440001,-73.883339443,Grand Larceny,09:00,01,09,2006,3
40.8749060050001,-73.878223809,Burglary,09:00,01,09,2006,3
40.764818269,-73.9851897729999,Grand Larceny,09:00,01,09,2006,3
40.6669293680001,-73.895606726,Grand Larceny,09:05,01,09,2006,3
40.730414787,-73.952049812,Burglary,09:08,01,09,2006,3
40.685814415,-73.9444017709999,Robbery,09:15,01,09,2006,3
40.6812355320001,-73.905582218,Felony Assault,09:20,01,09,2006,3
40.716138207,-73.8052129,Burglary,09:20,01,09,2006,3
40.6577041960001,-73.962355926,Burglary,09:30,01,09,2006,3
40.7300457920001,-73.955921546,Burglary,09:30,01,09,2006,3
40.7441875270001,-73.778219661,Burglary,09:30,01,09,2006,3
40.753596046,-73.949903607,Motor Larceny,09:30,01,09,2006,3
40.817491884,-73.959928054,Felony Assault,09:30,01,09,2006,3
40.817491884,-73.959928054,Felony Assault,09:30,01,09,2006,3
40.8530572780001,-73.93966763,Grand Larceny,09:30,01,09,2006,3
40.860282254,-73.927008068,Felony Assault,09:30,01,09,2006,3
40.656328692,-73.7408272179999,Grand Larceny,10:00,01,09,2006,3
40.665570572,-73.915509813,Burglary,10:00,01,09,2006,3
40.6753235130001,-73.783762622,Robbery,10:00,01,09,2006,3
40.677327737,-73.847467832,Burglary,10:00,01,09,2006,3
40.7414687340001,-73.868532944,Burglary,10:00,01,09,2006,3
40.784861703,-73.950627572,Grand Larceny,10:00,01,09,2006,3
40.8381444190001,-73.88728982,Motor Larceny,10:00,01,09,2006,3
40.8404701760001,-73.891174619,Burglary,10:00,01,09,2006,3
40.682389474,-73.9587148589999,Felony Assault,10:09,01,09,2006,3
40.682389474,-73.9587148589999,Felony Assault,10:09,01,09,2006,3
40.682389474,-73.9587148589999,Felony Assault,10:09,01,09,2006,3
40.704294481,-74.0062121569999,Motor Larceny,10:25,01,09,2006,3
40.5774190010001,-73.9623651749999,Grand Larceny,10:30,01,09,2006,3
40.5997186750001,-74.066040847,Motor Larceny,10:30,01,09,2006,3
40.6804174640001,-73.9729501749999,Burglary,10:30,01,09,2006,3
40.754185051,-73.984596588,Burglary,10:30,01,09,2006,3
40.5699074510001,-74.1119869039999,Burglary,10:45,01,09,2006,3
40.8444963520001,-73.9134971089999,Felony Assault,10:45,01,09,2006,3
40.6916423980001,-73.9182065209999,Robbery,10:50,01,09,2006,3
40.8197216040001,-73.95520821,Burglary,10:50,01,09,2006,3
40.5962563430001,-73.7791287059999,Burglary,11:00,01,09,2006,3
40.6009943920001,-73.740012088,Burglary,11:00,01,09,2006,3
40.6453758120001,-73.966157368,Grand Larceny,11:00,01,09,2006,3
40.6589444470001,-73.927228363,Burglary,11:00,01,09,2006,3
40.68650473,-73.9416392109999,Burglary,11:00,01,09,2006,3
40.694158562,-73.921005403,Grand Larceny,11:00,01,09,2006,3
40.7154596760001,-73.8841280679999,Burglary,11:00,01,09,2006,3
40.7743481410001,-73.954325277,Burglary,11:00,01,09,2006,3
40.777761416,-73.978546884,Grand Larceny,11:00,01,09,2006,3
40.832941761,-73.935432593,Burglary,11:00,01,09,2006,3
40.8550455910001,-73.8865309779999,Burglary,11:00,01,09,2006,3
40.6341796180001,-74.02370129,Grand Larceny,11:20,01,09,2006,3
40.896104576,-73.8577845469999,Felony Assault,11:25,01,09,2006,3
40.896104576,-73.8577845469999,Felony Assault,11:25,01,09,2006,3
40.8451541810001,-73.866499185,Burglary,11:30,01,09,2006,3
40.726882624,-73.952871348,Motor Larceny,11:30,01,09,2006,3
40.7996727560001,-73.958848001,Grand Larceny,11:36,01,09,2006,3
40.5763939190001,-73.9671714569999,Felony Assault,11:40,01,09,2006,3
40.6677153910001,-73.906354741,Robbery,11:40,01,09,2006,3
40.5947568190001,-73.799625699,Grand Larceny,00:00,01,09,2006,3
40.6513904710001,-73.960200798,Grand Larceny,00:00,01,09,2006,3
40.6563087070001,-73.8478546759999,Motor Larceny,00:00,01,09,2006,3
40.671106911,-73.881432957,Rape,00:00,01,09,2006,3
40.6754873840001,-73.800003235,Robbery,00:00,01,09,2006,3
40.7296347010001,-73.862642678,Grand Larceny,00:00,01,09,2006,3
40.7386012270001,-73.993838059,Grand Larceny,00:00,01,09,2006,3
40.742273842,-74.0025492189999,Grand Larceny,00:00,01,09,2006,3
40.7477606030001,-74.002271534,Grand Larceny,00:00,01,09,2006,3
40.8247273870001,-73.9189317889999,Grand Larceny,00:00,01,09,2006,3
40.661096839,-73.919703735,Felony Assault,00:15,01,09,2006,3
40.549832128,-74.200569908,Grand Larceny,00:30,01,09,2006,3
40.7977271660001,-73.946507862,Grand Larceny,00:30,01,09,2006,3
40.707579078,-73.7967329049999,Felony Assault,00:43,01,09,2006,3
40.838864148,-73.944642498,Burglary,00:45,01,09,2006,3
40.6902376100001,-73.7998760569999,Felony Assault,00:55,01,09,2006,3
40.613127401,-74.03340776,Grand Larceny,13:00,01,09,2006,3
40.722887536,-73.9945321879999,Grand Larceny,13:00,01,09,2006,3
40.754843416,-73.98201209,Grand Larceny,13:00,01,09,2006,3
40.817473083,-73.8981560679999,Robbery,13:00,01,09,2006,3
40.819150527,-73.937183784,Motor Larceny,13:00,01,09,2006,3
40.8306736550001,-73.8821459549999,Grand Larceny,13:00,01,09,2006,3
40.8791889780001,-73.882070808,Robbery,13:00,01,09,2006,3
40.678767855,-73.869024289,Grand Larceny,13:10,01,09,2006,3
40.779843504,-73.955339747,Grand Larceny,13:14,01,09,2006,3
40.881702497,-73.919704919,Grand Larceny,13:15,01,09,2006,3
40.6450099200001,-74.008635382,Grand Larceny,13:30,01,09,2006,3
40.7300457920001,-73.955921546,Burglary,13:30,01,09,2006,3
40.7911573800001,-73.973349387,Burglary,13:30,01,09,2006,3
40.656378143,-73.901508727,Robbery,13:40,01,09,2006,3
40.830889993,-73.8272846199999,Grand Larceny,13:45,01,09,2006,3
40.6185287490001,-73.9442957209999,Grand Larceny,14:00,01,09,2006,3
40.635730058,-74.003838614,Grand Larceny,14:00,01,09,2006,3
40.6522240510001,-73.957857785,Grand Larceny,14:00,01,09,2006,3
40.6598749020001,-73.984200264,Grand Larceny,14:00,01,09,2006,3
40.6630755360001,-73.985893601,Grand Larceny,14:00,01,09,2006,3
40.6922636800001,-73.9877445349999,Grand Larceny,14:00,01,09,2006,3
40.716686748,-73.797029793,Burglary,14:00,01,09,2006,3
40.727778744,-74.004302131,Burglary,14:00,01,09,2006,3
40.7356430500001,-73.896888303,Burglary,14:00,01,09,2006,3
40.7404897810001,-74.0001349679999,Burglary,14:00,01,09,2006,3
40.7487778610001,-73.9843199379999,Grand Larceny,14:00,01,09,2006,3
40.816054438,-73.9119444689999,Grand Larceny,14:00,01,09,2006,3
40.7043129570001,-73.803141142,Felony Assault,14:15,01,09,2006,3
40.696224876,-73.743593204,Grand Larceny,14:20,01,09,2006,3
40.7838624520001,-73.975952223,Grand Larceny,14:23,01,09,2006,3
40.598818915,-73.967063205,Burglary,14:30,01,09,2006,3
40.69757952,-73.907571401,Robbery,14:30,01,09,2006,3
40.7433349890001,-73.984079429,Grand Larceny,14:30,01,09,2006,3
40.825678618,-73.9064865409999,Burglary,14:50,01,09,2006,3
40.5761573,-73.9759837999999,Rape,15:00,01,09,2006,3
40.621742055,-73.948359951,Burglary,15:00,01,09,2006,3
40.7032277770001,-73.802560071,Motor Larceny,15:00,01,09,2006,3
40.7154958630001,-73.993840194,Grand Larceny,15:00,01,09,2006,3
40.7497038020001,-74.004935148,Grand Larceny,15:00,01,09,2006,3
40.7597110740001,-73.99356177,Burglary,15:00,01,09,2006,3
40.7636528630001,-73.97558409,Grand Larceny,15:00,01,09,2006,3
40.774237779,-73.982100724,Grand Larceny,15:00,01,09,2006,3
40.774860603,-73.980659964,Grand Larceny,15:00,01,09,2006,3
40.799196819,-73.9330815169999,Robbery,15:00,01,09,2006,3
40.8188154050001,-73.95408521,Grand Larceny,15:00,01,09,2006,3
40.8218405110001,-73.9551670399999,Grand Larceny,15:00,01,09,2006,3
40.829609717,-73.946207606,Grand Larceny,15:00,01,09,2006,3
40.8842888190001,-73.862417185,Robbery,15:00,01,09,2006,3
40.839875723,-73.936914847,Robbery,15:05,01,09,2006,3
40.6865041190001,-73.9220673419999,Felony Assault,15:10,01,09,2006,3
40.6919302900001,-73.9789495219999,Robbery,15:10,01,09,2006,3
40.8359396060001,-73.886465989,Felony Assault,15:10,01,09,2006,3
40.8359396060001,-73.886465989,Felony Assault,15:10,01,09,2006,3
40.6787780000001,-73.735854763,Robbery,15:15,01,09,2006,3
40.859325234,-73.90552823,Felony Assault,15:25,01,09,2006,3
40.6047954630001,-74.084470177,Felony Assault,15:30,01,09,2006,3
40.7046543220001,-73.818800482,Grand Larceny,15:30,01,09,2006,3
40.711565433,-73.768185063,Felony Assault,15:30,01,09,2006,3
40.753799821,-73.978558209,Grand Larceny,15:30,01,09,2006,3
40.8487013660001,-73.90328063,Robbery,15:30,01,09,2006,3
40.860649618,-73.930771052,Robbery,15:30,01,09,2006,3
40.815732053,-73.945420411,Robbery,15:30,01,09,2006,3
40.764718266,-73.827990491,Felony Assault,15:35,01,09,2006,3
40.7126814920001,-73.801384996,Robbery,15:40,01,09,2006,3
40.8505199140001,-73.905150357,Grand Larceny,15:45,01,09,2006,3
40.70515635,-73.795694339,Grand Larceny,15:47,01,09,2006,3
40.5930088910001,-74.073044726,Robbery,15:50,01,09,2006,3
40.6183073710001,-73.946291435,Grand Larceny,15:55,01,09,2006,3
40.5820646940001,-73.96721187,Robbery,16:00,01,09,2006,3
40.587492346,-73.962118273,Grand Larceny,16:00,01,09,2006,3
40.68400831,-73.9503020189999,Robbery,16:00,01,09,2006,3
40.6967807940001,-73.946556394,Grand Larceny,16:00,01,09,2006,3
40.7062220130001,-73.950974356,Rape,16:00,01,09,2006,3
40.747641216,-73.858859374,Burglary,16:00,01,09,2006,3
40.7656523470001,-73.931288555,Robbery,16:00,01,09,2006,3
40.789236568,-73.97560721,Grand Larceny,16:00,01,09,2006,3
40.8578764060001,-73.882079677,Burglary,16:00,01,09,2006,3
40.8668458220001,-73.899172338,Burglary,16:04,01,09,2006,3
40.5881305250001,-74.166156916,Grand Larceny,16:10,01,09,2006,3
40.7817581940001,-73.981065991,Robbery,16:12,01,09,2006,3
40.7401952870001,-73.98636805,Grand Larceny,16:15,01,09,2006,3
40.636300164,-73.8924659749999,Felony Assault,16:20,01,09,2006,3
40.816805565,-73.907261306,Grand Larceny,16:20,01,09,2006,3
40.705323164,-73.919397994,Robbery,16:30,01,09,2006,3
40.818810672,-73.956025337,Robbery,16:30,01,09,2006,3
40.760185479,-73.767842585,Robbery,16:30,01,09,2006,3
40.853960274,-73.900120875,Robbery,16:45,01,09,2006,3
40.8627633610001,-73.9010801649999,Grand Larceny,16:50,01,09,2006,3
40.5970604030001,-73.9843123489999,Burglary,17:00,01,09,2006,3
40.6171370880001,-73.956957829,Felony Assault,17:00,01,09,2006,3
40.6394436890001,-74.005460259,Robbery,17:00,01,09,2006,3
40.664069312,-73.8986822479999,Felony Assault,17:00,01,09,2006,3
40.7089319770001,-73.836152677,Motor Larceny,17:00,01,09,2006,3
40.7224155660001,-73.999334029,Grand Larceny,17:00,01,09,2006,3
40.7304381170001,-73.806654033,Grand Larceny,17:00,01,09,2006,3
40.7452952900001,-73.988730839,Grand Larceny,17:00,01,09,2006,3
40.8451630970001,-73.890610336,Burglary,17:00,01,09,2006,3
40.8660757600001,-73.8943757869999,Robbery,17:00,01,09,2006,3
40.680579719,-73.9743165579999,Grand Larceny,17:00,01,09,2006,3
40.779843504,-73.955339747,Grand Larceny,17:11,01,09,2006,3
40.7119797760001,-73.786576289,Robbery,17:15,01,09,2006,3
40.7224155660001,-73.999334029,Robbery,17:15,01,09,2006,3
40.746161946,-73.98312599,Grand Larceny,17:27,01,09,2006,3
40.732749396,-74.006456563,Grand Larceny,17:30,01,09,2006,3
40.7518403300001,-73.979995324,Burglary,17:30,01,09,2006,3
40.7576243570001,-73.985682275,Grand Larceny,17:30,01,09,2006,3
40.805065604,-73.939035658,Grand Larceny,17:30,01,09,2006,3
40.8934005500001,-73.857370766,Robbery,17:30,01,09,2006,3
40.835210342,-73.8901569079999,Grand Larceny,17:40,01,09,2006,3
40.8246640730001,-73.891930338,Robbery,17:50,01,09,2006,3
40.6678628190001,-73.9053884689999,Felony Assault,17:55,01,09,2006,3
40.7299798510001,-73.9921394519999,Grand Larceny,17:55,01,09,2006,3
40.6107171290001,-73.9209852829999,Grand Larceny,18:00,01,09,2006,3
40.6217792370001,-74.07815175,Felony Assault,18:00,01,09,2006,3
40.634989589,-74.117291564,Grand Larceny,18:00,01,09,2006,3
40.678069114,-73.9068737809999,Grand Larceny,18:00,01,09,2006,3
40.704519948,-73.9292704979999,Grand Larceny,18:00,01,09,2006,3
40.753223211,-73.7929337529999,Grand Larceny,18:00,01,09,2006,3
40.8836797600001,-73.833450905,Felony Assault,18:00,01,09,2006,3
40.8847905100001,-73.830978064,Robbery,18:00,01,09,2006,3
40.6165262690001,-74.030484684,Grand Larceny,18:10,01,09,2006,3
40.7373689550001,-73.996840424,Grand Larceny,18:15,01,09,2006,3
40.764818269,-73.9851897729999,Grand Larceny,18:15,01,09,2006,3
40.8293492650001,-73.891886594,Grand Larceny,18:21,01,09,2006,3
40.7595224780001,-73.72708427,Felony Assault,18:25,01,09,2006,3
40.795694944,-73.93873725,Felony Assault,18:26,01,09,2006,3
40.5888047940001,-73.9734553389999,Robbery,18:30,01,09,2006,3
40.6862424810001,-73.824176156,Robbery,18:30,01,09,2006,3
40.687991707,-73.967787199,Robbery,18:30,01,09,2006,3
40.7482129790001,-73.9889432799999,Burglary,18:30,01,09,2006,3
40.8266005350001,-73.874384536,Motor Larceny,18:30,01,09,2006,3
40.6722941460001,-73.9787394219999,Motor Larceny,18:45,01,09,2006,3
40.6052766510001,-73.999356801,Burglary,19:00,01,09,2006,3
40.615475798,-73.9485953189999,Motor Larceny,19:00,01,09,2006,3
40.711443839,-73.787678166,Motor Larceny,19:00,01,09,2006,3
40.758030031,-73.981794653,Grand Larceny,19:00,01,09,2006,3
40.8398183210001,-73.8687686649999,Grand Larceny,19:00,01,09,2006,3
40.8443067260001,-73.902849692,Felony Assault,19:00,01,09,2006,3
40.632232081,-73.892141072,Robbery,19:05,01,09,2006,3
40.7783576150001,-73.9528638039999,Grand Larceny,19:05,01,09,2006,3
40.633441572,-73.903408859,Robbery,19:06,01,09,2006,3
40.7013576150001,-73.9127451369999,Robbery,19:10,01,09,2006,3
40.749121191,-73.9861677229999,Burglary,19:15,01,09,2006,3
40.5519960350001,-74.1835664229999,Grand Larceny,19:30,01,09,2006,3
40.6221181650001,-74.084063433,Felony Assault,19:30,01,09,2006,3
40.725476148,-73.743686307,Robbery,19:30,01,09,2006,3
40.7337918850001,-73.814802646,Grand Larceny,19:30,01,09,2006,3
40.8537535670001,-73.8620176539999,Motor Larceny,19:30,01,09,2006,3
40.7588331680001,-73.9759396009999,Grand Larceny,19:48,01,09,2006,3
40.897546166,-73.853892999,Burglary,19:50,01,09,2006,3
40.6224086660001,-73.936637678,Robbery,20:00,01,09,2006,3
40.669342832,-73.913079006,Motor Larceny,20:00,01,09,2006,3
40.676226839,-73.9758504289999,Motor Larceny,20:00,01,09,2006,3
40.681413218,-73.927257927,Grand Larceny,20:00,01,09,2006,3
40.707284755,-73.76203222,Motor Larceny,20:00,01,09,2006,3
40.7151941750001,-73.874367235,Motor Larceny,20:00,01,09,2006,3
40.7181721650001,-73.916611943,Burglary,20:00,01,09,2006,3
40.758895066,-73.984837345,Grand Larceny,20:00,01,09,2006,3
40.8061110420001,-73.938467584,Robbery,20:00,01,09,2006,3
40.843901255,-73.900504632,Rape,20:00,01,09,2006,3
40.8787034970001,-73.872073015,Burglary,20:00,01,09,2006,3
40.6922416740001,-73.987300996,Robbery,20:10,01,09,2006,3
40.885961642,-73.848135601,Felony Assault,20:20,01,09,2006,3
40.668442123,-73.924121524,Felony Assault,20:30,01,09,2006,3
40.7055028250001,-73.934326122,Robbery,20:30,01,09,2006,3
40.7623944200001,-73.983421495,Grand Larceny,20:30,01,09,2006,3
40.7952581980001,-73.949359408,Robbery,20:30,01,09,2006,3
40.6987367730001,-73.831568765,Grand Larceny,20:38,01,09,2006,3
40.8690585320001,-73.8796301479999,Robbery,20:40,01,09,2006,3
40.5865115560001,-73.9523367479999,Grand Larceny,21:00,01,09,2006,3
40.595201789,-73.9528058499999,Burglary,21:00,01,09,2006,3
40.6581583620001,-73.939591599,Motor Larceny,21:00,01,09,2006,3
40.6695130840001,-73.956942055,Grand Larceny,21:00,01,09,2006,3
40.672260604,-73.965033402,Robbery,21:00,01,09,2006,3
40.7316858390001,-73.7843699169999,Motor Larceny,21:00,01,09,2006,3
40.737964597,-73.9982621469999,Burglary,21:00,01,09,2006,3
40.7425826400001,-73.816073757,Grand Larceny,21:00,01,09,2006,3
40.743408738,-73.888871954,Robbery,21:00,01,09,2006,3
40.7686084220001,-73.7934238349999,Grand Larceny,21:00,01,09,2006,3
40.841359853,-73.849943283,Burglary,21:00,01,09,2006,3
40.7754976260001,-73.982172597,Grand Larceny,21:15,01,09,2006,3
40.8289546130001,-73.9050221059999,Robbery,21:20,01,09,2006,3
40.877431814,-73.8988308369999,Grand Larceny,21:25,01,09,2006,3
40.59086009,-73.94778974,Grand Larceny,21:30,01,09,2006,3
40.830889993,-73.8272846199999,Motor Larceny,21:30,01,09,2006,3
40.6675019960001,-73.733296816,Burglary,21:45,01,09,2006,3
40.7081879070001,-73.959701599,Robbery,21:45,01,09,2006,3
40.6668307750001,-73.881656839,Robbery,22:00,01,09,2006,3
40.725651364,-73.992064198,Motor Larceny,22:00,01,09,2006,3
40.732303271,-73.865530959,Motor Larceny,22:00,01,09,2006,3
40.7366909460001,-73.995231092,Grand Larceny,22:00,01,09,2006,3
40.7551241780001,-73.9085635609999,Robbery,22:00,01,09,2006,3
40.7623547960001,-73.976526731,Burglary,22:00,01,09,2006,3
40.8130453650001,-73.946260732,Grand Larceny,22:00,01,09,2006,3
40.821694845,-73.937116347,Felony Assault,22:00,01,09,2006,3
40.668201363,-73.731877353,Burglary,22:05,01,09,2006,3
40.601338673,-74.1322095359999,Motor Larceny,22:30,01,09,2006,3
40.620187349,-73.940310368,Grand Larceny,22:30,01,09,2006,3
40.70724592,-73.9067392439999,Motor Larceny,22:30,01,09,2006,3
40.7108920060001,-73.795178985,Burglary,22:30,01,09,2006,3
40.863120505,-73.8952373069999,Robbery,22:30,01,09,2006,3
40.6684785620001,-73.976956287,Felony Assault,22:35,01,09,2006,3
40.823368675,-73.9471665199999,Robbery,22:40,01,09,2006,3
40.7192889290001,-73.990928594,Robbery,22:41,01,09,2006,3
40.7631596960001,-73.885803096,Grand Larceny,22:45,01,09,2006,3
40.5930931730001,-74.160332554,Grand Larceny,23:00,01,09,2006,3
40.62677001,-73.9316188619999,Grand Larceny,23:00,01,09,2006,3
40.6626928050001,-73.88830716,Motor Larceny,23:00,01,09,2006,3
40.680258114,-73.868887961,Burglary,23:00,01,09,2006,3
40.687276786,-73.92842701,Burglary,23:00,01,09,2006,3
40.7000479120001,-73.937346492,Robbery,23:00,01,09,2006,3
40.757240531,-73.9897936369999,Grand Larceny,23:00,01,09,2006,3
40.7609632360001,-73.869660418,Burglary,23:00,01,09,2006,3
40.72678474,-73.804968914,Robbery,23:10,01,09,2006,3
40.6093691990001,-73.9751362929999,Burglary,23:30,01,09,2006,3
40.687258813,-73.967643321,Robbery,23:30,01,09,2006,3
40.6914969530001,-73.9596359609999,Burglary,23:30,01,09,2006,3
40.7571895460001,-73.869960175,Grand Larceny,23:30,01,09,2006,3
40.8342930630001,-73.948093802,Motor Larceny,23:30,01,09,2006,3
40.7522556810001,-73.889506867,Burglary,23:45,01,09,2006,3
40.682189603,-73.9465825089999,Robbery,12:00,01,10,2006,3
40.681650679,-73.824314454,Grand Larceny,12:01,01,10,2006,3
40.8427541680001,-73.835837539,Felony Assault,12:01,01,10,2006,3
40.602603179,-74.0030876609999,Grand Larceny,12:01,01,10,2006,3
40.7693060870001,-73.91550818,Grand Larceny,12:01,01,10,2006,3
40.742699299,-73.9986553799999,Grand Larceny,12:01,01,10,2006,3
40.756825464,-73.8837023789999,Burglary,12:15,01,10,2006,3
40.508821556,-74.238015877,Motor Larceny,12:30,01,10,2006,3
40.6336329220001,-74.006461381,Grand Larceny,12:30,01,10,2006,3
40.67710104,-73.734707731,Burglary,12:30,01,10,2006,3
40.745410898,-73.992841369,Burglary,12:30,01,10,2006,3
40.773984436,-73.9099890699999,Motor Larceny,12:30,01,10,2006,3
40.779138678,-73.956838676,Grand Larceny,12:30,01,10,2006,3
40.635321721,-73.9450022949999,Felony Assault,12:35,01,10,2006,3
40.6880064430001,-73.9194369539999,Burglary,12:36,01,10,2006,3
40.6775084240001,-73.9982456939999,Burglary,01:00,01,10,2006,3
40.688872153,-73.9445290319999,Rape,01:00,01,10,2006,3
40.694457825,-73.950701727,Burglary,01:00,01,10,2006,3
40.783070776,-73.919087223,Motor Larceny,01:00,01,10,2006,3
40.6953849070001,-73.949208072,Grand Larceny,01:05,01,10,2006,3
40.7108315520001,-74.016085232,Felony Assault,01:16,01,10,2006,3
40.7547401210001,-73.8596600609999,Burglary,01:20,01,10,2006,3
40.6493447130001,-73.965964357,Motor Larceny,01:30,01,10,2006,3
40.6737721420001,-73.92360715,Motor Larceny,01:30,01,10,2006,3
40.628887068,-74.1207645659999,Felony Assault,01:32,01,10,2006,3
40.8342800240001,-73.8874553699999,Grand Larceny,01:35,01,10,2006,3
40.6535261160001,-73.918829881,Grand Larceny,02:00,01,10,2006,3
40.6780041910001,-73.970445496,Motor Larceny,02:00,01,10,2006,3
40.7230185330001,-73.985754646,Robbery,02:00,01,10,2006,3
40.6675334270001,-73.86424849,Robbery,02:15,01,10,2006,3
40.8064397480001,-73.948299746,Robbery,02:32,01,10,2006,3
40.636899989,-74.086251088,Felony Assault,03:00,01,10,2006,3
40.7230741010001,-73.7681089549999,Grand Larceny,03:00,01,10,2006,3
40.8440211440001,-73.8820970089999,Felony Assault,03:00,01,10,2006,3
40.856162957,-73.844397124,Rape,03:00,01,10,2006,3
40.8611568740001,-73.896986539,Burglary,03:00,01,10,2006,3
40.8588502110001,-73.9052975399999,Robbery,03:16,01,10,2006,3
40.6290963820001,-73.976850998,Robbery,03:30,01,10,2006,3
40.8100332440001,-73.916616065,Burglary,03:30,01,10,2006,3
40.7709439290001,-73.981076286,Grand Larceny,04:00,01,10,2006,3
40.8170575840001,-73.934548418,Grand Larceny,04:00,01,10,2006,3
40.858608652,-73.908670731,Motor Larceny,04:27,01,10,2006,3
40.7588113100001,-73.858012706,Burglary,04:30,01,10,2006,3
40.6344230670001,-73.955087579,Felony Assault,04:56,01,10,2006,3
40.857389535,-73.846216211,Felony Assault,04:58,01,10,2006,3
40.72618713,-73.735233904,Rape,05:00,01,10,2006,3
40.6731328110001,-73.75227273,Robbery,05:15,01,10,2006,3
40.746645976,-73.991938992,Grand Larceny,05:15,01,10,2006,3
40.5365017560001,-74.151432948,Burglary,05:20,01,10,2006,3
40.6760526460001,-73.7936924969999,Burglary,05:30,01,10,2006,3
40.655131232,-73.751694453,Robbery,05:40,01,10,2006,3
40.668201363,-73.731877353,Burglary,06:00,01,10,2006,3
40.674724111,-73.970158543,Grand Larceny,06:00,01,10,2006,3
40.7530299370001,-73.726583905,Grand Larceny,06:00,01,10,2006,3
40.7736187080001,-73.8931324119999,Motor Larceny,06:00,01,10,2006,3
40.840490291,-73.93646612,Robbery,06:00,01,10,2006,3
40.6898339420001,-73.802949505,Burglary,06:10,01,10,2006,3
40.6922416740001,-73.987300996,Robbery,06:15,01,10,2006,3
40.68140047,-73.9963707599999,Burglary,06:20,01,10,2006,3
40.8788598740001,-73.855720445,Motor Larceny,06:25,01,10,2006,3
40.799196819,-73.9330815169999,Grand Larceny,06:50,01,10,2006,3
40.671106911,-73.881432957,Rape,07:00,01,10,2006,3
40.660516031,-73.925392051,Robbery,07:00,01,10,2006,3
40.738970325,-73.856467217,Grand Larceny,07:00,01,10,2006,3
40.6845946650001,-73.827173171,Burglary,07:30,01,10,2006,3
40.7277266460001,-73.8491275919999,Motor Larceny,07:30,01,10,2006,3
40.7401952870001,-73.98636805,Grand Larceny,07:30,01,10,2006,3
40.839312083,-73.875094178,Burglary,07:30,01,10,2006,3
40.862758367,-73.9049340619999,Felony Assault,07:55,01,10,2006,3
40.6234499280001,-73.9989459619999,Burglary,08:00,01,10,2006,3
40.6328568210001,-74.166307907,Motor Larceny,08:00,01,10,2006,3
40.6693048000001,-73.797671443,Burglary,08:00,01,10,2006,3
40.749249046,-73.978646292,Grand Larceny,08:00,01,10,2006,3
40.7498000410001,-73.975159678,Grand Larceny,08:00,01,10,2006,3
40.756860977,-73.875656664,Rape,08:00,01,10,2006,3
40.6279777550001,-73.941647157,Motor Larceny,08:00,01,10,2006,3
40.7791680820001,-73.954784146,Robbery,08:05,01,10,2006,3
40.61478207,-74.083045677,Burglary,08:10,01,10,2006,3
40.6681537370001,-73.912280306,Robbery,08:11,01,10,2006,3
40.713143696,-74.004059506,Grand Larceny,08:15,01,10,2006,3
40.5768090990001,-73.983183168,Felony Assault,08:25,01,10,2006,3
40.616590027,-73.987589134,Burglary,08:30,01,10,2006,3
40.7506789550001,-73.8854274779999,Burglary,08:30,01,10,2006,3
40.772276069,-73.988119733,Grand Larceny,08:30,01,10,2006,3
40.7075813170001,-73.940679368,Robbery,08:50,01,10,2006,3
40.8794996330001,-73.8722305969999,Felony Assault,08:55,01,10,2006,3
40.624917274,-74.110674269,Grand Larceny,09:00,01,10,2006,3
40.6570578550001,-73.917708303,Grand Larceny,09:00,01,10,2006,3
40.660786294,-73.961478335,Grand Larceny,09:00,01,10,2006,3
40.7313703900001,-73.982563257,Robbery,09:00,01,10,2006,3
40.741550885,-73.811154325,Burglary,09:00,01,10,2006,3
40.763173282,-73.967501759,Grand Larceny,09:00,01,10,2006,3
40.763776696,-73.966014183,Grand Larceny,09:00,01,10,2006,3
40.759458873,-73.975484557,Burglary,09:15,01,10,2006,3
40.773222365,-73.91867316,Burglary,09:15,01,10,2006,3
40.7083531120001,-73.911549308,Robbery,09:25,01,10,2006,3
40.601915708,-73.96045716,Burglary,09:30,01,10,2006,3
40.7482979910001,-73.988178144,Grand Larceny,09:30,01,10,2006,3
40.8487381590001,-73.936501616,Grand Larceny,09:30,01,10,2006,3
40.8517666160001,-73.884718385,Felony Assault,09:40,01,10,2006,3
40.6319012010001,-73.8877029879999,Grand Larceny,09:45,01,10,2006,3
40.7440241890001,-73.927543235,Grand Larceny,09:57,01,10,2006,3
40.5861260550001,-74.154915363,Grand Larceny,10:00,01,10,2006,3
40.6503520050001,-73.917230065,Burglary,10:00,01,10,2006,3
40.6802242210001,-73.9597689719999,Motor Larceny,10:00,01,10,2006,3
40.688743366,-73.9449834759999,Grand Larceny,10:00,01,10,2006,3
40.6903177340001,-73.801765328,Burglary,10:00,01,10,2006,3
40.6916750600001,-73.945568835,Burglary,10:00,01,10,2006,3
40.7540898550001,-73.993941298,Grand Larceny,10:00,01,10,2006,3
40.7546302970001,-73.823688849,Grand Larceny,10:00,01,10,2006,3
40.7593299820001,-73.8170779279999,Burglary,10:00,01,10,2006,3
40.765563494,-73.957641673,Grand Larceny,10:00,01,10,2006,3
40.875698895,-73.880536588,Grand Larceny,10:00,01,10,2006,3
40.761062092,-73.896783978,Burglary,10:15,01,10,2006,3
40.7616050240001,-73.7764253519999,Burglary,10:20,01,10,2006,3
40.584395509,-73.931079014,Motor Larceny,10:30,01,10,2006,3
40.5963229640001,-74.0907573539999,Grand Larceny,10:30,01,10,2006,3
40.7941533860001,-73.968443699,Grand Larceny,10:30,01,10,2006,3
40.6616377300001,-73.8990175439999,Felony Assault,10:50,01,10,2006,3
40.5760429810001,-73.968593535,Grand Larceny,11:00,01,10,2006,3
40.5917009620001,-73.949953045,Grand Larceny,11:00,01,10,2006,3
40.601321829,-73.9769254459999,Grand Larceny,11:00,01,10,2006,3
40.610566137,-73.957188968,Grand Larceny,11:00,01,10,2006,3
40.6404593600001,-74.0026101839999,Motor Larceny,11:00,01,10,2006,3
40.751669511,-73.9765774159999,Grand Larceny,11:00,01,10,2006,3
40.7572846730001,-73.7749599319999,Burglary,11:00,01,10,2006,3
40.7899592750001,-73.945856841,Grand Larceny,11:00,01,10,2006,3
40.6576626450001,-73.947395064,Felony Assault,11:15,01,10,2006,3
40.708858707,-73.859637628,Burglary,11:15,01,10,2006,3
40.7204669450001,-73.851387932,Burglary,11:30,01,10,2006,3
40.8937982690001,-73.857160128,Robbery,11:30,01,10,2006,3
40.5534003060001,-74.137159835,Grand Larceny,00:00,01,10,2006,3
40.6576848500001,-73.8925252129999,Grand Larceny,00:00,01,10,2006,3
40.6777983440001,-73.898286444,Grand Larceny,00:00,01,10,2006,3
40.6910567730001,-73.8037716599999,Burglary,00:00,01,10,2006,3
40.695778596,-73.945792677,Grand Larceny,00:00,01,10,2006,3
40.704535998,-74.0065980969999,Grand Larceny,00:00,01,10,2006,3
40.723752742,-73.858166769,Grand Larceny,00:00,01,10,2006,3
40.727778744,-74.004302131,Grand Larceny,00:00,01,10,2006,3
40.7481136960001,-73.984803708,Grand Larceny,00:00,01,10,2006,3
40.7518475630001,-73.8742728459999,Burglary,00:00,01,10,2006,3
40.7569532960001,-73.977311904,Grand Larceny,00:00,01,10,2006,3
40.7735298280001,-73.953372682,Grand Larceny,00:00,01,10,2006,3
40.8119894020001,-73.91547567,Grand Larceny,00:00,01,10,2006,3
40.783558618,-73.9803396729999,Robbery,00:05,01,10,2006,3
40.7247565650001,-73.991952462,Grand Larceny,00:08,01,10,2006,3
40.6416962690001,-73.9365761239999,Robbery,00:10,01,10,2006,3
40.6959030460001,-73.9192903759999,Robbery,00:10,01,10,2006,3
40.8550174380001,-73.883075218,Grand Larceny,00:10,01,10,2006,3
40.579768201,-73.961305462,Robbery,00:30,01,10,2006,3
40.6513904710001,-73.960200798,Grand Larceny,00:30,01,10,2006,3
40.7022000440001,-73.928338858,Grand Larceny,00:30,01,10,2006,3
40.7067067770001,-74.010933704,Grand Larceny,00:30,01,10,2006,3
40.727439749,-73.858811959,Burglary,00:30,01,10,2006,3
40.664527498,-73.9477392909999,Felony Assault,00:35,01,10,2006,3
40.6120211750001,-73.921376325,Grand Larceny,13:00,01,10,2006,3
40.655498992,-73.917951697,Burglary,13:00,01,10,2006,3
40.6621677370001,-73.75500235,Grand Larceny,13:00,01,10,2006,3
40.706440877,-74.0064035189999,Grand Larceny,13:00,01,10,2006,3
40.7115468050001,-73.784009429,Motor Larceny,13:00,01,10,2006,3
40.7546118750001,-73.877140721,Grand Larceny,13:00,01,10,2006,3
40.761726342,-73.9769890059999,Grand Larceny,13:00,01,10,2006,3
40.819509618,-73.953582535,Burglary,13:00,01,10,2006,3
40.8208985810001,-73.8421672539999,Burglary,13:00,01,10,2006,3
40.7032993290001,-73.9801325139999,Burglary,13:10,01,10,2006,3
40.7643770400001,-73.992016265,Grand Larceny,13:15,01,10,2006,3
40.754843416,-73.98201209,Robbery,13:25,01,10,2006,3
40.6810133750001,-73.994344531,Grand Larceny,13:30,01,10,2006,3
40.721036387,-73.982620074,Grand Larceny,13:30,01,10,2006,3
40.7151278900001,-73.773572777,Robbery,13:40,01,10,2006,3
40.703656675,-73.7676571389999,Burglary,13:45,01,10,2006,3
40.6540124320001,-73.744663644,Burglary,14:00,01,10,2006,3
40.667195432,-73.961712542,Burglary,14:00,01,10,2006,3
40.837436665,-73.944159423,Robbery,14:00,01,10,2006,3
40.6840909210001,-73.860486597,Grand Larceny,14:05,01,10,2006,3
40.7346675650001,-73.988288811,Grand Larceny,14:05,01,10,2006,3
40.7496462650001,-73.999037808,Grand Larceny,14:15,01,10,2006,3
40.6890045800001,-73.785806054,Robbery,14:20,01,10,2006,3
40.7428584830001,-74.0021234069999,Felony Assault,14:20,01,10,2006,3
40.7456039090001,-73.9033906029999,Grand Larceny,14:20,01,10,2006,3
40.71880294,-73.9890130919999,Grand Larceny,14:25,01,10,2006,3
40.6654941840001,-73.881770952,Burglary,14:30,01,10,2006,3
40.8797570040001,-73.884662621,Motor Larceny,14:30,01,10,2006,3
40.646839463,-73.8977318399999,Grand Larceny,14:45,01,10,2006,3
40.7332503210001,-73.98112668,Grand Larceny,14:45,01,10,2006,3
40.743312272,-73.837670437,Grand Larceny,14:45,01,10,2006,3
40.7456039090001,-73.9033906029999,Grand Larceny,14:45,01,10,2006,3
40.664439497,-73.9611842579999,Robbery,14:47,01,10,2006,3
40.6637183720001,-73.7575125989999,Felony Assault,14:50,01,10,2006,3
40.6752064250001,-73.810776179,Grand Larceny,15:00,01,10,2006,3
40.6996935970001,-73.766488035,Grand Larceny,15:00,01,10,2006,3
40.7006048480001,-73.9275615719999,Robbery,15:00,01,10,2006,3
40.7005235720001,-73.887821822,Burglary,15:00,01,10,2006,3
40.7979545330001,-73.9400245689999,Robbery,15:00,01,10,2006,3
40.8217363320001,-73.8928672599999,Grand Larceny,15:00,01,10,2006,3
40.8493206900001,-73.912359481,Burglary,15:00,01,10,2006,3
40.873133072,-73.8613229709999,Robbery,15:00,01,10,2006,3
40.7965711430001,-73.967185687,Grand Larceny,15:00,01,10,2006,3
40.680579719,-73.9743165579999,Motor Larceny,15:00,01,10,2006,3
40.751857978,-73.988668372,Grand Larceny,15:02,01,10,2006,3
40.827179433,-73.8962225239999,Robbery,15:10,01,10,2006,3
40.6715651430001,-73.985963904,Robbery,15:14,01,10,2006,3
40.7035967300001,-74.013115216,Grand Larceny,15:15,01,10,2006,3
40.7127655080001,-73.774013661,Motor Larceny,15:15,01,10,2006,3
40.73002596,-73.823468909,Grand Larceny,15:25,01,10,2006,3
40.887451313,-73.847607787,Rape,15:25,01,10,2006,3
40.683131014,-73.9688712079999,Burglary,15:30,01,10,2006,3
40.688647777,-73.9802594779999,Robbery,15:30,01,10,2006,3
40.7196268910001,-73.999453105,Grand Larceny,15:30,01,10,2006,3
40.7938422170001,-73.944069584,Felony Assault,15:30,01,10,2006,3
40.7989504830001,-73.939286861,Robbery,15:30,01,10,2006,3
40.8954371230001,-73.844623488,Felony Assault,15:30,01,10,2006,3
40.670655072,-73.91339092,Robbery,15:30,01,10,2006,3
40.802931706,-73.9319074639999,Grand Larceny,15:35,01,10,2006,3
40.7582323710001,-73.977430585,Grand Larceny,15:47,01,10,2006,3
40.7080570970001,-73.795425751,Robbery,15:50,01,10,2006,3
40.6363346860001,-73.958401065,Burglary,16:00,01,10,2006,3
40.743319872,-73.874505466,Robbery,16:00,01,10,2006,3
40.7706237090001,-73.786251163,Burglary,16:00,01,10,2006,3
40.8225699160001,-73.9113071689999,Rape,16:00,01,10,2006,3
40.8325137250001,-73.914546188,Grand Larceny,16:00,01,10,2006,3
40.835645641,-73.848062534,Felony Assault,16:00,01,10,2006,3
40.8619526260001,-73.893727978,Motor Larceny,16:00,01,10,2006,3
40.8741906550001,-73.909115781,Burglary,16:00,01,10,2006,3
40.7795059970001,-73.9555855039999,Grand Larceny,16:11,01,10,2006,3
40.693871083,-73.9460069899999,Grand Larceny,16:25,01,10,2006,3
40.6704883510001,-73.980246828,Burglary,16:30,01,10,2006,3
40.688915261,-73.923907115,Grand Larceny,16:30,01,10,2006,3
40.7185640660001,-73.988201454,Robbery,16:30,01,10,2006,3
40.7410881280001,-74.001556788,Grand Larceny,16:30,01,10,2006,3
40.6892851200001,-73.809549891,Burglary,16:35,01,10,2006,3
40.695689767,-73.95636258,Burglary,16:40,01,10,2006,3
40.8022511660001,-73.942245685,Motor Larceny,16:45,01,10,2006,3
40.695092317,-73.979240625,Robbery,16:52,01,10,2006,3
40.5980138690001,-74.003364722,Grand Larceny,17:00,01,10,2006,3
40.679830877,-73.976570196,Motor Larceny,17:00,01,10,2006,3
40.6802612390001,-73.8449157169999,Grand Larceny,17:00,01,10,2006,3
40.683657114,-73.872187589,Robbery,17:00,01,10,2006,3
40.747246696,-73.9719847009999,Grand Larceny,17:00,01,10,2006,3
40.7484457790001,-73.984561824,Grand Larceny,17:00,01,10,2006,3
40.823055808,-73.904528301,Felony Assault,17:00,01,10,2006,3
40.842965017,-73.9346711109999,Robbery,17:00,01,10,2006,3
40.859783194,-73.846423968,Motor Larceny,17:00,01,10,2006,3
40.830889993,-73.8272846199999,Grand Larceny,17:00,01,10,2006,3
40.669110764,-73.762236907,Burglary,17:03,01,10,2006,3
40.624163567,-74.001629706,Burglary,17:10,01,10,2006,3
40.6513088560001,-73.915744102,Burglary,17:10,01,10,2006,3
40.6650226890001,-73.9571107629999,Robbery,17:10,01,10,2006,3
40.823055808,-73.904528301,Felony Assault,17:10,01,10,2006,3
40.7116997190001,-74.0083482429999,Burglary,17:15,01,10,2006,3
40.7173322680001,-73.9989516959999,Grand Larceny,17:15,01,10,2006,3
40.7717620180001,-73.9820508449999,Grand Larceny,17:15,01,10,2006,3
40.660229433,-73.886974088,Robbery,17:20,01,10,2006,3
40.6952056110001,-73.983982735,Robbery,17:20,01,10,2006,3
40.6781833690001,-73.943221997,Robbery,17:30,01,10,2006,3
40.747554565,-73.993137079,Grand Larceny,17:30,01,10,2006,3
40.7486959410001,-73.8841243969999,Grand Larceny,17:30,01,10,2006,3
40.756040182,-73.828536277,Grand Larceny,17:30,01,10,2006,3
40.8147122300001,-73.9422746119999,Burglary,17:30,01,10,2006,3
40.740095421,-73.97929156,Burglary,17:35,01,10,2006,3
40.6599001800001,-73.905352906,Felony Assault,17:45,01,10,2006,3
40.694971837,-73.946226075,Robbery,17:45,01,10,2006,3
40.716807074,-74.014784417,Grand Larceny,17:45,01,10,2006,3
40.688923839,-73.995003733,Robbery,17:50,01,10,2006,3
40.6624962650001,-73.8838596259999,Burglary,18:00,01,10,2006,3
40.6798973890001,-73.9403290339999,Felony Assault,18:00,01,10,2006,3
40.6835142310001,-73.975930718,Grand Larceny,18:00,01,10,2006,3
40.707730885,-73.955907446,Grand Larceny,18:00,01,10,2006,3
40.710718006,-73.793040543,Grand Larceny,18:00,01,10,2006,3
40.7541710290001,-73.982503147,Grand Larceny,18:00,01,10,2006,3
40.7610144720001,-73.9888978389999,Burglary,18:00,01,10,2006,3
40.782979395,-73.9520011279999,Grand Larceny,18:00,01,10,2006,3
40.83471502,-73.870419377,Burglary,18:00,01,10,2006,3
40.8524167100001,-73.919899319,Felony Assault,18:00,01,10,2006,3
40.87150754,-73.8281806859999,Grand Larceny,18:00,01,10,2006,3
40.86157703,-73.891241309,Robbery,18:15,01,10,2006,3
40.692656469,-73.833019338,Motor Larceny,18:20,01,10,2006,3
40.779843504,-73.955339747,Grand Larceny,18:20,01,10,2006,3
40.6107905150001,-73.990039323,Burglary,18:30,01,10,2006,3
40.643313096,-73.947791939,Robbery,18:30,01,10,2006,3
40.7308651870001,-73.98148456,Grand Larceny,18:30,01,10,2006,3
40.7555163750001,-73.9709886219999,Grand Larceny,18:30,01,10,2006,3
40.7566420420001,-73.988371577,Grand Larceny,18:30,01,10,2006,3
40.717557341,-73.9993124329999,Grand Larceny,18:45,01,10,2006,3
40.7750419830001,-73.9820680139999,Grand Larceny,18:45,01,10,2006,3
40.656447954,-73.8906746979999,Motor Larceny,19:00,01,10,2006,3
40.72129604,-73.957345123,Burglary,19:00,01,10,2006,3
40.742858568,-73.916692918,Motor Larceny,19:00,01,10,2006,3
40.6658755560001,-73.989061459,Felony Assault,19:05,01,10,2006,3
40.739882419,-73.9866604109999,Grand Larceny,19:05,01,10,2006,3
40.676491094,-73.967738675,Robbery,19:15,01,10,2006,3
40.7355057090001,-73.869702998,Grand Larceny,19:15,01,10,2006,3
40.6829103050001,-73.950082901,Burglary,19:20,01,10,2006,3
40.6522558950001,-73.9279960759999,Robbery,19:23,01,10,2006,3
40.641385653,-73.9042008919999,Robbery,19:29,01,10,2006,3
40.648910577,-73.964443822,Grand Larceny,19:30,01,10,2006,3
40.6782532230001,-73.870247489,Burglary,19:30,01,10,2006,3
40.6851731850001,-73.816141963,Felony Assault,19:30,01,10,2006,3
40.7197531460001,-74.001025984,Motor Larceny,19:30,01,10,2006,3
40.7418953110001,-73.890624709,Grand Larceny,19:30,01,10,2006,3
40.7655267310001,-73.972099752,Grand Larceny,19:30,01,10,2006,3
40.6433611090001,-73.9577660909999,Grand Larceny,19:40,01,10,2006,3
40.6772828970001,-73.9428478199999,Robbery,19:40,01,10,2006,3
40.882660543,-73.878965426,Motor Larceny,19:45,01,10,2006,3
40.6324657440001,-74.118638182,Burglary,20:00,01,10,2006,3
40.666528795,-73.955073172,Motor Larceny,20:00,01,10,2006,3
40.6676298730001,-73.8962544779999,Robbery,20:00,01,10,2006,3
40.6803734150001,-73.892759054,Burglary,20:00,01,10,2006,3
40.7460284380001,-73.992393794,Grand Larceny,20:00,01,10,2006,3
40.8020234960001,-73.9120641659999,Felony Assault,20:00,01,10,2006,3
40.871504541,-73.869957184,Felony Assault,20:00,01,10,2006,3
40.66979809,-73.9491158069999,Motor Larceny,20:30,01,10,2006,3
40.7108982510001,-73.792534996,Burglary,20:30,01,10,2006,3
40.709974129,-73.9213221109999,Burglary,20:35,01,10,2006,3
40.6925562930001,-73.858637008,Motor Larceny,20:57,01,10,2006,3
40.737440389,-73.707869252,Burglary,21:00,01,10,2006,3
40.7434977350001,-73.9200591379999,Grand Larceny,21:00,01,10,2006,3
40.7666495560001,-73.955373864,Motor Larceny,21:00,01,10,2006,3
40.827313476,-73.878874593,Felony Assault,21:00,01,10,2006,3
40.8529084310001,-73.909340056,Felony Assault,21:00,01,10,2006,3
40.854004418,-73.9303116579999,Burglary,21:00,01,10,2006,3
40.823101299,-73.8696904609999,Robbery,21:00,01,10,2006,3
40.72618713,-73.735233904,Motor Larceny,21:00,01,10,2006,3
40.663516777,-73.891740853,Robbery,21:15,01,10,2006,3
40.750416838,-73.863985756,Robbery,21:20,01,10,2006,3
40.647115297,-73.8992665499999,Robbery,21:25,01,10,2006,3
40.6683394520001,-73.880734952,Felony Assault,21:30,01,10,2006,3
40.685713852,-73.981680984,Felony Assault,21:30,01,10,2006,3
40.728384702,-73.895546536,Motor Larceny,21:30,01,10,2006,3
40.773824905,-73.950137512,Grand Larceny,21:30,01,10,2006,3
40.8675830940001,-73.897974475,Burglary,21:30,01,10,2006,3
40.7497064660001,-73.993425589,Grand Larceny,21:50,01,10,2006,3
40.8672368100001,-73.8914634449999,Robbery,21:50,01,10,2006,3
40.6195851740001,-74.004601333,Grand Larceny,22:00,01,10,2006,3
40.6581177740001,-73.9463026349999,Felony Assault,22:00,01,10,2006,3
40.742739941,-73.873784805,Burglary,22:00,01,10,2006,3
40.7688081900001,-73.9217255419999,Burglary,22:00,01,10,2006,3
40.8456709910001,-73.860227242,Motor Larceny,22:00,01,10,2006,3
40.865857997,-73.924695292,Burglary,22:00,01,10,2006,3
40.718761225,-73.8708540489999,Grand Larceny,22:10,01,10,2006,3
40.6751768610001,-73.9829528769999,Burglary,22:30,01,10,2006,3
40.732874108,-73.817597974,Grand Larceny,22:30,01,10,2006,3
40.7398493260001,-73.8866044649999,Grand Larceny,22:30,01,10,2006,3
40.6291526150001,-73.9231286359999,Grand Larceny,22:40,01,10,2006,3
40.6343760520001,-73.883980622,Felony Assault,22:45,01,10,2006,3
40.795476272,-73.94604377,Robbery,22:50,01,10,2006,3
40.665130737,-73.981401876,Grand Larceny,23:00,01,10,2006,3
40.7501671030001,-73.971958209,Grand Larceny,23:00,01,10,2006,3
40.742699299,-73.9986553799999,Grand Larceny,23:01,01,10,2006,3
40.8508658120001,-73.915849182,Robbery,23:05,01,10,2006,3
40.7166157680001,-73.764109213,Burglary,23:15,01,10,2006,3
40.8538235670001,-73.907332598,Grand Larceny,23:15,01,10,2006,3
40.7014473190001,-73.984763852,Robbery,23:30,01,10,2006,3
40.6493705410001,-73.960872294,Grand Larceny,23:49,01,10,2006,3
40.832224995,-73.903434671,Robbery,23:50,01,10,2006,3
40.7416892000001,-74.0029858509999,Grand Larceny,12:00,02,11,2006,3
40.6273218360001,-73.9418170499999,Felony Assault,12:01,02,11,2006,3
40.6669365480001,-73.979894622,Grand Larceny,12:01,02,11,2006,3
40.6763408470001,-73.984369413,Burglary,12:01,02,11,2006,3
40.687619522,-73.954756076,Grand Larceny,12:01,02,11,2006,3
40.814508157,-73.959312086,Grand Larceny,12:01,02,11,2006,3
40.8194319940001,-73.8455524349999,Grand Larceny,12:01,02,11,2006,3
40.814850289,-73.956681848,Motor Larceny,12:01,02,11,2006,3
40.7328016810001,-74.003252461,Grand Larceny,12:10,02,11,2006,3
40.6693346970001,-73.735318996,Motor Larceny,12:30,02,11,2006,3
40.6975942450001,-73.932757948,Burglary,12:30,02,11,2006,3
40.721877518,-74.004204344,Grand Larceny,12:30,02,11,2006,3
40.722558221,-74.004110587,Grand Larceny,12:30,02,11,2006,3
40.7756158390001,-73.953396496,Burglary,12:30,02,11,2006,3
40.7366414100001,-73.90564083,Grand Larceny,01:00,02,11,2006,3
40.7381713720001,-73.8607522569999,Felony Assault,01:00,02,11,2006,3
40.741565424,-73.99167978,Grand Larceny,01:00,02,11,2006,3
40.7671957310001,-73.9899653959999,Motor Larceny,01:00,02,11,2006,3
40.783497826,-73.978075609,Burglary,01:00,02,11,2006,3
40.834487036,-73.8563695729999,Motor Larceny,01:00,02,11,2006,3
40.8399900040001,-73.888461258,Motor Larceny,01:00,02,11,2006,3
40.8924857230001,-73.8544936759999,Felony Assault,01:00,02,11,2006,3
40.6175912480001,-74.03048517,Grand Larceny,01:01,02,11,2006,3
40.7024786850001,-73.756794558,Felony Assault,01:10,02,11,2006,3
40.739638734,-74.006334539,Grand Larceny,01:15,02,11,2006,3
40.7407193930001,-73.8526418769999,Motor Larceny,01:16,02,11,2006,3
40.6821864010001,-73.839690483,Rape,01:20,02,11,2006,3
40.6782852490001,-73.9246619319999,Robbery,01:20,02,11,2006,3
40.575030854,-73.986092177,Felony Assault,01:30,02,11,2006,3
40.6884713110001,-73.95713174,Motor Larceny,01:30,02,11,2006,3
40.7559159680001,-73.921491637,Felony Assault,01:30,02,11,2006,3
40.808181926,-73.931165181,Felony Assault,01:30,02,11,2006,3
40.575030854,-73.986092177,Robbery,01:40,02,11,2006,3
40.7899592750001,-73.945856841,Felony Assault,01:45,02,11,2006,3
40.633486765,-74.163427185,Robbery,02:00,02,11,2006,3
40.7247183370001,-73.9956360209999,Grand Larceny,02:00,02,11,2006,3
40.756456858,-73.967382312,Grand Larceny,02:00,02,11,2006,3
40.763730955,-73.770209161,Burglary,02:00,02,11,2006,3
40.85440514,-73.8539733069999,Grand Larceny,02:00,02,11,2006,3
40.575030854,-73.986092177,Felony Assault,02:13,02,11,2006,3
40.7973000860001,-73.94892806,Felony Assault,02:20,02,11,2006,3
40.724051381,-73.996180836,Grand Larceny,02:30,02,11,2006,3
40.6856655620001,-73.948952261,Felony Assault,02:45,02,11,2006,3
40.748547983,-73.973142669,Grand Larceny,02:45,02,11,2006,3
40.8021807650001,-73.957007947,Felony Assault,02:47,02,11,2006,3
40.8542471440001,-73.937165098,Felony Assault,02:50,02,11,2006,3
40.678069114,-73.9068737809999,Burglary,03:00,02,11,2006,3
40.7601770250001,-73.832611828,Motor Larceny,03:00,02,11,2006,3
40.794140772,-73.942805289,Robbery,03:00,02,11,2006,3
40.796511713,-73.936591159,Burglary,03:00,02,11,2006,3
40.796511713,-73.936591159,Burglary,03:00,02,11,2006,3
40.7247395200001,-73.985941883,Grand Larceny,03:10,02,11,2006,3
40.7693060870001,-73.91550818,Rape,03:15,02,11,2006,3
40.7722021700001,-73.928212988,Burglary,03:15,02,11,2006,3
40.6741882520001,-73.967826311,Robbery,03:20,02,11,2006,3
40.818504014,-73.9395038599999,Felony Assault,03:30,02,11,2006,3
40.7339731920001,-73.988779661,Grand Larceny,03:45,02,11,2006,3
40.7158584900001,-73.835255466,Motor Larceny,04:00,02,11,2006,3
40.7379259210001,-73.992225119,Grand Larceny,04:00,02,11,2006,3
40.7404897810001,-74.0001349679999,Grand Larceny,04:00,02,11,2006,3
40.824040004,-73.944759612,Felony Assault,04:00,02,11,2006,3
40.837550191,-73.9221867539999,Felony Assault,04:00,02,11,2006,3
40.837550191,-73.9221867539999,Felony Assault,04:00,02,11,2006,3
40.837550191,-73.9221867539999,Felony Assault,04:00,02,11,2006,3
40.8632911070001,-73.889806842,Robbery,04:28,02,11,2006,3
40.7675086100001,-73.989734302,Felony Assault,04:30,02,11,2006,3
40.8407838580001,-73.936252607,Burglary,04:30,02,11,2006,3
40.8624133230001,-73.8312084679999,Motor Larceny,04:30,02,11,2006,3
40.680644043,-73.9404761869999,Robbery,04:32,02,11,2006,3
40.627840615,-74.029275791,Felony Assault,04:35,02,11,2006,3
40.660449096,-73.831052703,Felony Assault,04:45,02,11,2006,3
40.660449096,-73.831052703,Felony Assault,04:45,02,11,2006,3
40.749348368,-73.817740542,Robbery,04:50,02,11,2006,3
40.762031633,-73.92204034,Robbery,04:50,02,11,2006,3
40.8649675350001,-73.918904428,Felony Assault,04:50,02,11,2006,3
40.8649675350001,-73.918904428,Felony Assault,04:50,02,11,2006,3
40.672774046,-73.81725764,Motor Larceny,05:00,02,11,2006,3
40.755616236,-73.884902833,Robbery,05:00,02,11,2006,3
40.829607858,-73.948140818,Robbery,05:00,02,11,2006,3
40.662856338,-73.9428313449999,Robbery,05:15,02,11,2006,3
40.723715365,-73.904450539,Robbery,05:30,02,11,2006,3
40.7897095380001,-73.9679727229999,Grand Larceny,05:30,02,11,2006,3
40.6753839520001,-74.002622367,Burglary,05:56,02,11,2006,3
40.700192633,-73.9185999539999,Burglary,06:00,02,11,2006,3
40.7664429920001,-73.9228654889999,Grand Larceny,06:00,02,11,2006,3
40.8317268760001,-73.90186348,Felony Assault,06:00,02,11,2006,3
40.71378306,-73.920159704,Felony Assault,06:31,02,11,2006,3
40.678309364,-73.889874541,Robbery,06:35,02,11,2006,3
40.689486711,-73.83912123,Motor Larceny,07:30,02,11,2006,3
40.699284715,-73.7445623839999,Burglary,07:30,02,11,2006,3
40.7550692300001,-73.9876716219999,Burglary,07:30,02,11,2006,3
40.758824028,-73.9875481989999,Grand Larceny,07:50,02,11,2006,3
40.678241175,-73.8903253139999,Burglary,08:00,02,11,2006,3
40.6998092470001,-73.787949639,Grand Larceny,08:00,02,11,2006,3
40.62010071,-73.928016353,Grand Larceny,08:30,02,11,2006,3
40.6386515,-74.132142942,Robbery,08:30,02,11,2006,3
40.807085412,-73.943830883,Robbery,08:35,02,11,2006,3
40.575031251,-73.989882667,Robbery,08:40,02,11,2006,3
40.6421030280001,-73.948639667,Grand Larceny,08:45,02,11,2006,3
40.629540745,-73.906145311,Grand Larceny,09:00,02,11,2006,3
40.6838955160001,-73.9984762829999,Motor Larceny,09:00,02,11,2006,3
40.687402622,-73.784866485,Motor Larceny,09:00,02,11,2006,3
40.6931866420001,-73.9246955799999,Robbery,09:00,02,11,2006,3
40.7366416360001,-73.9992292429999,Burglary,09:00,02,11,2006,3
40.7474714860001,-73.9852730269999,Grand Larceny,09:00,02,11,2006,3
40.7671621630001,-73.883687939,Motor Larceny,09:00,02,11,2006,3
40.8157202510001,-73.864502585,Grand Larceny,09:00,02,11,2006,3
40.820157183,-73.95311601,Grand Larceny,09:00,02,11,2006,3
40.87187958,-73.8791513749999,Burglary,09:00,02,11,2006,3
40.7207349880001,-73.844439134,Grand Larceny,09:15,02,11,2006,3
40.6744643330001,-74.0058705009999,Robbery,09:30,02,11,2006,3
40.7231271750001,-73.9397672119999,Burglary,09:30,02,11,2006,3
40.8223487830001,-73.943778257,Grand Larceny,09:30,02,11,2006,3
40.6187782970001,-74.0002535849999,Motor Larceny,10:00,02,11,2006,3
40.6600039350001,-73.9611868379999,Burglary,10:00,02,11,2006,3
40.680238817,-73.789356679,Felony Assault,11:00,02,11,2006,3
40.7428584830001,-74.0021234069999,Burglary,11:00,02,11,2006,3
40.842690315,-73.851505227,Burglary,11:00,02,11,2006,3
40.5866951670001,-73.958673205,Grand Larceny,11:30,02,11,2006,3
40.6127424680001,-74.0025514709999,Burglary,11:30,02,11,2006,3
40.6924337780001,-73.97171564,Burglary,11:30,02,11,2006,3
40.818407371,-73.8875075029999,Burglary,11:45,02,11,2006,3
40.609471516,-73.978939504,Motor Larceny,00:00,02,11,2006,3
40.6794115100001,-73.858592765,Robbery,00:00,02,11,2006,3
40.74240439,-73.8782422479999,Robbery,00:00,02,11,2006,3
40.7468274060001,-74.001087754,Grand Larceny,00:00,02,11,2006,3
40.752198698,-73.9934650449999,Grand Larceny,00:00,02,11,2006,3
40.7559415370001,-73.873185883,Grand Larceny,00:00,02,11,2006,3
40.761657803,-73.9212394039999,Grand Larceny,00:00,02,11,2006,3
40.764148726,-73.986612233,Grand Larceny,00:00,02,11,2006,3
40.7648135760001,-73.9940233519999,Grand Larceny,00:00,02,11,2006,3
40.831494004,-73.862056588,Grand Larceny,00:00,02,11,2006,3
40.8683460870001,-73.8634299949999,Burglary,00:00,02,11,2006,3
40.8158991600001,-73.917230106,Felony Assault,00:09,02,11,2006,3
40.751600255,-73.992046671,Grand Larceny,00:20,02,11,2006,3
40.645384011,-73.929704344,Robbery,00:34,02,11,2006,3
40.636300164,-73.8924659749999,Grand Larceny,00:45,02,11,2006,3
40.6765162230001,-73.9359625769999,Felony Assault,00:45,02,11,2006,3
40.687149617,-73.983317604,Robbery,00:45,02,11,2006,3
40.6200431090001,-74.027467702,Grand Larceny,00:50,02,11,2006,3
40.6342271140001,-74.019230109,Burglary,13:00,02,11,2006,3
40.651599752,-73.730232241,Motor Larceny,13:00,02,11,2006,3
40.7100938470001,-74.01060963,Grand Larceny,13:00,02,11,2006,3
40.7404336640001,-73.759553765,Grand Larceny,13:00,02,11,2006,3
40.701271891,-73.942235786,Grand Larceny,13:15,02,11,2006,3
40.7218227910001,-73.9752783329999,Felony Assault,13:20,02,11,2006,3
40.672797186,-73.880939675,Felony Assault,13:30,02,11,2006,3
40.672797186,-73.880939675,Felony Assault,13:30,02,11,2006,3
40.7305962780001,-73.863409224,Grand Larceny,13:30,02,11,2006,3
40.78025123,-73.9804417509999,Grand Larceny,13:30,02,11,2006,3
40.6780806780001,-73.940968792,Burglary,13:40,02,11,2006,3
40.6535832920001,-73.9594534729999,Robbery,13:48,02,11,2006,3
40.7679125650001,-73.791104673,Robbery,13:52,02,11,2006,3
40.69245492,-73.740531732,Burglary,14:00,02,11,2006,3
40.7478130480001,-73.882321411,Burglary,14:00,02,11,2006,3
40.7832394910001,-73.9764074289999,Grand Larceny,14:00,02,11,2006,3
40.679700408,-73.776047368,Grand Larceny,14:00,02,11,2006,3
40.5890416230001,-74.192640624,Grand Larceny,14:15,02,11,2006,3
40.65925724,-73.73474265,Robbery,14:15,02,11,2006,3
40.685737739,-73.874761666,Grand Larceny,14:16,02,11,2006,3
40.679488335,-73.9179149719999,Felony Assault,14:23,02,11,2006,3
40.7246986810001,-73.804946156,Robbery,14:25,02,11,2006,3
40.752433721,-73.9149412639999,Grand Larceny,14:30,02,11,2006,3
40.7816727100001,-73.829947123,Burglary,14:30,02,11,2006,3
40.8623585400001,-73.8964134669999,Grand Larceny,14:30,02,11,2006,3
40.6787405170001,-73.943138601,Motor Larceny,14:40,02,11,2006,3
40.685055705,-73.954249421,Robbery,14:40,02,11,2006,3
40.7204706370001,-73.809201033,Robbery,14:50,02,11,2006,3
40.746901488,-73.997327185,Grand Larceny,14:53,02,11,2006,3
40.57371656,-73.990717981,Grand Larceny,15:00,02,11,2006,3
40.622908765,-74.010105857,Burglary,15:00,02,11,2006,3
40.72618713,-73.735233904,Rape,15:00,02,11,2006,3
40.711206738,-73.7527732899999,Felony Assault,15:00,02,11,2006,3
40.719128873,-73.842108835,Grand Larceny,15:00,02,11,2006,3
40.7498624720001,-73.987939663,Grand Larceny,15:00,02,11,2006,3
40.7504307680001,-73.989282176,Grand Larceny,15:00,02,11,2006,3
40.77009364,-73.961407892,Grand Larceny,15:00,02,11,2006,3
40.781875557,-73.977404518,Grand Larceny,15:00,02,11,2006,3
40.6954689410001,-73.982825079,Grand Larceny,15:00,02,11,2006,3
40.7003490450001,-73.904278457,Grand Larceny,15:10,02,11,2006,3
40.824941106,-73.952819968,Grand Larceny,15:10,02,11,2006,3
40.7100938470001,-74.01060963,Grand Larceny,15:20,02,11,2006,3
40.7293074450001,-73.85540201,Robbery,15:25,02,11,2006,3
40.569611937,-74.108156629,Grand Larceny,15:30,02,11,2006,3
40.6906611950001,-73.9380728959999,Burglary,15:30,02,11,2006,3
40.700698892,-73.956160945,Motor Larceny,15:30,02,11,2006,3
40.758207461,-73.976398247,Grand Larceny,15:30,02,11,2006,3
40.768310811,-73.957181437,Grand Larceny,15:35,02,11,2006,3
40.6674962000001,-73.897170279,Robbery,16:00,02,11,2006,3
40.6761179740001,-73.900780175,Burglary,16:00,02,11,2006,3
40.7272277110001,-73.803979044,Burglary,16:00,02,11,2006,3
40.7826465050001,-73.808571501,Motor Larceny,16:00,02,11,2006,3
40.8357325800001,-73.9212854259999,Motor Larceny,16:00,02,11,2006,3
40.737023123,-73.997093032,Grand Larceny,16:10,02,11,2006,3
40.7478418650001,-73.77174007,Burglary,16:10,02,11,2006,3
40.6324245710001,-73.884045262,Grand Larceny,16:30,02,11,2006,3
40.77304109,-73.9822021369999,Grand Larceny,16:30,02,11,2006,3
40.7986162460001,-73.952275185,Burglary,16:30,02,11,2006,3
40.7654635550001,-73.9622914139999,Grand Larceny,16:40,02,11,2006,3
40.672933974,-73.968133339,Robbery,16:45,02,11,2006,3
40.681124557,-73.959912645,Robbery,16:55,02,11,2006,3
40.766839514,-73.782288606,Grand Larceny,16:59,02,11,2006,3
40.5781061120001,-74.1504977129999,Grand Larceny,17:00,02,11,2006,3
40.5903542950001,-73.9523772109999,Grand Larceny,17:00,02,11,2006,3
40.685144935,-73.977462531,Burglary,17:00,02,11,2006,3
40.7521639440001,-73.708118694,Motor Larceny,17:00,02,11,2006,3
40.7784899160001,-73.954235779,Grand Larceny,17:00,02,11,2006,3
40.7782644060001,-73.775784484,Burglary,17:00,02,11,2006,3
40.80953578,-73.90510039,Burglary,17:00,02,11,2006,3
40.6303665450001,-73.973712613,Motor Larceny,17:00,02,11,2006,3
40.8555429670001,-73.892885104,Robbery,17:10,02,11,2006,3
40.6224713450001,-73.9528297959999,Burglary,17:20,02,11,2006,3
40.5781756760001,-74.169526838,Grand Larceny,17:30,02,11,2006,3
40.6152934030001,-73.979931786,Felony Assault,17:30,02,11,2006,3
40.802354544,-73.968111119,Robbery,17:30,02,11,2006,3
40.87016298,-73.904229265,Motor Larceny,17:30,02,11,2006,3
40.7371622790001,-73.814695849,Robbery,17:40,02,11,2006,3
40.810296776,-73.8555439529999,Robbery,17:45,02,11,2006,3
40.892761486,-73.857733829,Robbery,17:45,02,11,2006,3
40.6568991600001,-73.926560228,Motor Larceny,17:50,02,11,2006,3
40.5837465180001,-74.103466888,Grand Larceny,18:00,02,11,2006,3
40.589770645,-74.101189903,Burglary,18:00,02,11,2006,3
40.7196598080001,-74.002241715,Burglary,18:00,02,11,2006,3
40.765936728,-73.744945732,Burglary,18:00,02,11,2006,3
40.7736502930001,-73.9598569519999,Grand Larceny,18:00,02,11,2006,3
40.78038838,-73.945842958,Robbery,18:00,02,11,2006,3
40.7857779770001,-73.974557647,Grand Larceny,18:00,02,11,2006,3
40.8207189550001,-73.85158316,Grand Larceny,18:00,02,11,2006,3
40.8358763970001,-73.889205373,Motor Larceny,18:00,02,11,2006,3
40.8043840460001,-73.9374216689999,Grand Larceny,18:10,02,11,2006,3
40.616466089,-73.984145703,Robbery,18:15,02,11,2006,3
40.778191029,-73.948422776,Grand Larceny,18:15,02,11,2006,3
40.6351419120001,-73.947895611,Robbery,18:20,02,11,2006,3
40.638532115,-74.009992924,Robbery,18:25,02,11,2006,3
40.6799247530001,-73.805863086,Grand Larceny,18:30,02,11,2006,3
40.7007337650001,-73.9419333069999,Grand Larceny,18:30,02,11,2006,3
40.70943644,-73.91044414,Grand Larceny,18:30,02,11,2006,3
40.7204953730001,-73.7607224,Grand Larceny,18:30,02,11,2006,3
40.8354077390001,-73.948815692,Grand Larceny,18:30,02,11,2006,3
40.8788478060001,-73.915560636,Robbery,18:30,02,11,2006,3
40.7063632700001,-73.931897899,Grand Larceny,18:40,02,11,2006,3
40.7196598080001,-74.002241715,Burglary,18:45,02,11,2006,3
40.7595172530001,-73.8041042099999,Felony Assault,18:45,02,11,2006,3
40.698128696,-73.764953599,Burglary,19:00,02,11,2006,3
40.722857375,-74.004756382,Burglary,19:00,02,11,2006,3
40.728717375,-73.994001332,Grand Larceny,19:00,02,11,2006,3
40.755428662,-73.986523749,Grand Larceny,19:00,02,11,2006,3
40.8064263910001,-73.887242387,Motor Larceny,19:00,02,11,2006,3
40.8318612200001,-73.8570762799999,Motor Larceny,19:00,02,11,2006,3
40.6043648780001,-74.010740477,Motor Larceny,19:15,02,11,2006,3
40.689639449,-73.985740141,Grand Larceny,19:15,02,11,2006,3
40.826926939,-73.943712962,Felony Assault,19:21,02,11,2006,3
40.732950551,-73.849606485,Robbery,19:25,02,11,2006,3
40.625586727,-73.946649424,Felony Assault,19:30,02,11,2006,3
40.636112236,-73.910160622,Grand Larceny,19:30,02,11,2006,3
40.6398491580001,-74.028909931,Motor Larceny,19:30,02,11,2006,3
40.662611009,-73.9264962679999,Robbery,19:30,02,11,2006,3
40.715803054,-73.990561122,Robbery,19:30,02,11,2006,3
40.75091695,-73.994396346,Grand Larceny,19:30,02,11,2006,3
40.7575079310001,-73.779702163,Burglary,19:30,02,11,2006,3
40.687619522,-73.954756076,Robbery,19:35,02,11,2006,3
40.826926939,-73.943712962,Felony Assault,19:40,02,11,2006,3
40.5945310720001,-73.761868727,Felony Assault,19:42,02,11,2006,3
40.773628671,-73.98359922,Grand Larceny,19:45,02,11,2006,3
40.653315229,-73.9084760439999,Burglary,19:50,02,11,2006,3
40.6723563990001,-73.76420086,Robbery,19:50,02,11,2006,3
40.672143711,-73.9266299609999,Felony Assault,20:00,02,11,2006,3
40.759991203,-73.9437370369999,Burglary,20:00,02,11,2006,3
40.8222620720001,-73.9405373979999,Motor Larceny,20:00,02,11,2006,3
40.824555855,-73.84515393,Grand Larceny,20:00,02,11,2006,3
40.8252097290001,-73.867706276,Motor Larceny,20:00,02,11,2006,3
40.826913899,-73.9001289509999,Burglary,20:00,02,11,2006,3
40.837941454,-73.871667127,Motor Larceny,20:00,02,11,2006,3
40.8633929040001,-73.825486546,Motor Larceny,20:00,02,11,2006,3
40.8408768140001,-73.872807133,Robbery,20:10,02,11,2006,3
40.694450273,-73.86325248,Motor Larceny,20:15,02,11,2006,3
40.6770272410001,-73.9118071669999,Motor Larceny,20:30,02,11,2006,3
40.7143151720001,-73.7819659749999,Motor Larceny,20:30,02,11,2006,3
40.835420997,-73.9153880809999,Motor Larceny,20:30,02,11,2006,3
40.88566689,-73.909982524,Grand Larceny,20:30,02,11,2006,3
40.6680592330001,-73.935368707,Grand Larceny,21:00,02,11,2006,3
40.6838398890001,-73.93223098,Robbery,21:00,02,11,2006,3
40.694133956,-73.976943815,Robbery,21:00,02,11,2006,3
40.7438917000001,-73.952465955,Motor Larceny,21:00,02,11,2006,3
40.749681321,-73.9879577409999,Grand Larceny,21:00,02,11,2006,3
40.7636026590001,-73.9482535779999,Motor Larceny,21:00,02,11,2006,3
40.8495048980001,-73.9287584969999,Motor Larceny,21:00,02,11,2006,3
40.6723549320001,-73.922256912,Robbery,21:20,02,11,2006,3
40.8554427170001,-73.907051995,Robbery,21:21,02,11,2006,3
40.7260166300001,-73.996285351,Grand Larceny,21:30,02,11,2006,3
40.879955485,-73.874949116,Motor Larceny,21:30,02,11,2006,3
40.7069709200001,-73.920687247,Robbery,21:35,02,11,2006,3
40.672650645,-73.867414061,Motor Larceny,21:50,02,11,2006,3
40.6200436500001,-73.928949368,Motor Larceny,22:00,02,11,2006,3
40.6523898670001,-73.883754686,Grand Larceny,22:00,02,11,2006,3
40.676785941,-73.972165715,Grand Larceny,22:00,02,11,2006,3
40.7438770730001,-73.864818312,Robbery,22:00,02,11,2006,3
40.778319169,-73.981872153,Grand Larceny,22:00,02,11,2006,3
40.85633297,-73.8838862649999,Motor Larceny,22:00,02,11,2006,3
40.863194537,-73.8659857499999,Felony Assault,22:00,02,11,2006,3
40.63068216,-73.9735575729999,Felony Assault,22:15,02,11,2006,3
40.799044376,-73.95930709,Burglary,22:15,02,11,2006,3
40.7252614560001,-73.990097982,Robbery,22:20,02,11,2006,3
40.6324245710001,-73.884045262,Felony Assault,22:30,02,11,2006,3
40.6324245710001,-73.884045262,Felony Assault,22:30,02,11,2006,3
40.811339569,-73.9640210919999,Grand Larceny,22:30,02,11,2006,3
40.830641293,-73.874875576,Motor Larceny,22:30,02,11,2006,3
40.8761922800001,-73.900054935,Motor Larceny,22:30,02,11,2006,3
40.6522037940001,-73.972557981,Felony Assault,23:00,02,11,2006,3
40.6627675030001,-73.907529526,Motor Larceny,23:00,02,11,2006,3
40.6929817120001,-73.74659873,Motor Larceny,23:00,02,11,2006,3
40.7309324670001,-74.004342024,Grand Larceny,23:00,02,11,2006,3
40.7396508620001,-73.807446453,Burglary,23:00,02,11,2006,3
40.74347577,-73.873999939,Burglary,23:00,02,11,2006,3
40.7656787010001,-73.965673872,Burglary,23:00,02,11,2006,3
40.8443798180001,-73.886693742,Motor Larceny,23:00,02,11,2006,3
40.8537250300001,-73.926801992,Motor Larceny,23:00,02,11,2006,3
40.8618454750001,-73.9029506049999,Grand Larceny,23:00,02,11,2006,3
40.8164101190001,-73.9589460349999,Robbery,23:25,02,11,2006,3
40.6393394560001,-73.996228919,Felony Assault,23:30,02,11,2006,3
40.6635268210001,-73.9572090469999,Grand Larceny,23:30,02,11,2006,3
40.730528979,-74.0045765249999,Grand Larceny,23:30,02,11,2006,3
40.8953780590001,-73.860712301,Motor Larceny,23:30,02,11,2006,3
40.829692079,-73.940653616,Robbery,23:50,02,11,2006,3
40.7566445570001,-73.9862852749999,Grand Larceny,23:57,02,11,2006,3
40.743522467,-73.8256164809999,Burglary,12:00,02,22,2006,3
40.6522240510001,-73.957857785,Grand Larceny,12:01,02,22,2006,3
40.6731884070001,-73.929314539,Grand Larceny,12:01,02,22,2006,3
40.6759526230001,-73.728356387,Grand Larceny,12:01,02,22,2006,3
40.7290331990001,-73.890429339,Grand Larceny,12:01,02,22,2006,3
40.6694850700001,-73.919967603,Robbery,12:05,02,22,2006,3
40.7782337790001,-73.812407916,Grand Larceny,12:05,02,22,2006,3
40.6344910380001,-73.9188530339999,Grand Larceny,12:09,02,22,2006,3
40.7791680820001,-73.954784146,Burglary,12:10,02,22,2006,3
40.7323241390001,-74.0005138129999,Grand Larceny,12:15,02,22,2006,3
40.688333932,-73.964812229,Robbery,12:25,02,22,2006,3
40.8662634670001,-73.9084758289999,Motor Larceny,12:30,02,22,2006,3
40.8721498620001,-73.8777804979999,Felony Assault,01:00,02,22,2006,3
40.6303665450001,-73.973712613,Burglary,01:00,02,22,2006,3
40.647952063,-73.9723002659999,Burglary,01:30,02,22,2006,3
40.6706949330001,-73.9850448459999,Felony Assault,02:00,02,22,2006,3
40.683895798,-73.791375075,Felony Assault,02:00,02,22,2006,3
40.720255223,-74.0070902799999,Rape,02:00,02,22,2006,3
40.7433983860001,-73.986147258,Grand Larceny,02:00,02,22,2006,3
40.817645327,-73.8630463069999,Robbery,02:08,02,22,2006,3
40.68697339,-73.917995902,Robbery,02:25,02,22,2006,3
40.670655072,-73.91339092,Robbery,02:35,02,22,2006,3
40.6821864010001,-73.839690483,Rape,02:45,02,22,2006,3
40.840398083,-73.855514732,Felony Assault,02:49,02,22,2006,3
40.7022544180001,-73.908268202,Burglary,03:30,02,22,2006,3
40.742699299,-73.9986553799999,Rape,03:30,02,22,2006,3
40.833444168,-73.914526924,Burglary,03:30,02,22,2006,3
40.576476149,-73.966775441,Burglary,03:42,02,22,2006,3
40.631806161,-73.926303221,Burglary,04:00,02,22,2006,3
40.864431763,-73.903883212,Motor Larceny,04:00,02,22,2006,3
40.87213538,-73.885055498,Motor Larceny,04:00,02,22,2006,3
40.688298494,-73.939099143,Felony Assault,04:40,02,22,2006,3
40.7632373270001,-73.985421157,Grand Larceny,05:00,02,22,2006,3
40.6550485160001,-73.730787734,Felony Assault,05:18,02,22,2006,3
40.682114783,-73.815692497,Motor Larceny,05:45,02,22,2006,3
40.638881198,-73.943940035,Burglary,06:00,02,22,2006,3
40.807161362,-73.908206707,Motor Larceny,06:30,02,22,2006,3
40.8354947930001,-73.907820691,Burglary,07:00,02,22,2006,3
40.838964382,-73.8637469029999,Burglary,07:00,02,22,2006,3
40.843762188,-73.911745153,Burglary,07:00,02,22,2006,3
40.753799821,-73.978558209,Grand Larceny,07:15,02,22,2006,3
40.6677852710001,-73.953482647,Burglary,07:30,02,22,2006,3
40.8043840460001,-73.9374216689999,Grand Larceny,07:30,02,22,2006,3
40.8694047480001,-73.8799983179999,Felony Assault,07:30,02,22,2006,3
40.6419858350001,-73.950542308,Grand Larceny,08:00,02,22,2006,3
40.6591412240001,-73.910464804,Burglary,08:00,02,22,2006,3
40.7188004990001,-73.80676355,Motor Larceny,08:00,02,22,2006,3
40.728424413,-73.9449615409999,Motor Larceny,08:00,02,22,2006,3
40.639696078,-73.973705335,Burglary,08:05,02,22,2006,3
40.7045335,-73.780887102,Motor Larceny,08:30,02,22,2006,3
40.764614454,-73.7871946,Burglary,08:30,02,22,2006,3
40.8521783150001,-73.928878534,Burglary,08:30,02,22,2006,3
40.759913549,-73.986291821,Grand Larceny,08:37,02,22,2006,3
40.707236939,-73.9287410169999,Motor Larceny,08:45,02,22,2006,3
40.740971227,-73.8159230319999,Burglary,08:50,02,22,2006,3
40.7510286180001,-73.9847886059999,Grand Larceny,08:50,02,22,2006,3
40.5986370590001,-73.761749655,Motor Larceny,09:00,02,22,2006,3
40.653598892,-73.9651801319999,Grand Larceny,09:00,02,22,2006,3
40.684458057,-73.920306588,Burglary,09:00,02,22,2006,3
40.6862313980001,-73.765601297,Grand Larceny,09:00,02,22,2006,3
40.7086634390001,-73.828914233,Grand Larceny,09:00,02,22,2006,3
40.719604895,-74.003006506,Grand Larceny,09:00,02,22,2006,3
40.72570983,-73.869848425,Grand Larceny,09:00,02,22,2006,3
40.7325573800001,-73.996133441,Grand Larceny,09:00,02,22,2006,3
40.7522636300001,-73.983882395,Grand Larceny,09:00,02,22,2006,3
40.754982409,-73.9765184999999,Grand Larceny,09:00,02,22,2006,3
40.7594113660001,-73.803173225,Burglary,09:00,02,22,2006,3
40.761233653,-73.970888668,Grand Larceny,09:00,02,22,2006,3
40.7782370260001,-73.911265117,Grand Larceny,09:00,02,22,2006,3
40.688872153,-73.9445290319999,Robbery,09:00,02,22,2006,3
40.725306683,-73.8456767709999,Burglary,09:15,02,22,2006,3
40.745833797,-74.001813133,Grand Larceny,09:30,02,22,2006,3
40.7537112360001,-73.999124374,Grand Larceny,09:30,02,22,2006,3
40.769070766,-73.816870664,Grand Larceny,09:30,02,22,2006,3
40.663136593,-73.993336798,Burglary,09:45,02,22,2006,3
40.649272421,-73.928165066,Grand Larceny,10:00,02,22,2006,3
40.652778939,-73.930493015,Robbery,10:00,02,22,2006,3
40.686729395,-73.9527122279999,Grand Larceny,10:00,02,22,2006,3
40.710818504,-73.853065076,Burglary,10:00,02,22,2006,3
40.7413130400001,-74.006208393,Robbery,10:00,02,22,2006,3
40.7430801680001,-73.954736461,Burglary,10:05,02,22,2006,3
40.5872764700001,-73.9570526809999,Burglary,10:30,02,22,2006,3
40.754227789,-73.879913442,Grand Larceny,10:30,02,22,2006,3
40.7142019730001,-73.960542053,Grand Larceny,10:45,02,22,2006,3
40.6781803440001,-73.80499208,Burglary,11:00,02,22,2006,3
40.8185249800001,-73.93764321,Robbery,11:00,02,22,2006,3
40.671106911,-73.881432957,Rape,11:10,02,22,2006,3
40.7171641130001,-73.987040125,Robbery,11:30,02,22,2006,3
40.8377397580001,-73.9266533379999,Grand Larceny,11:30,02,22,2006,3
40.7166780040001,-73.8014596629999,Burglary,11:45,02,22,2006,3
40.679700408,-73.776047368,Grand Larceny,11:45,02,22,2006,3
40.8387518700001,-73.913757556,Felony Assault,11:50,02,22,2006,3
40.5775901900001,-73.976476464,Grand Larceny,00:00,02,22,2006,3
40.578213938,-73.9521482759999,Grand Larceny,00:00,02,22,2006,3
40.662155682,-73.941368556,Grand Larceny,00:00,02,22,2006,3
40.6688166500001,-73.849916912,Grand Larceny,00:00,02,22,2006,3
40.7164011260001,-73.7953857109999,Motor Larceny,00:00,02,22,2006,3
40.7184241100001,-73.954955221,Grand Larceny,00:00,02,22,2006,3
40.7189567790001,-73.9631979499999,Burglary,00:00,02,22,2006,3
40.7293057800001,-73.748979025,Grand Larceny,00:00,02,22,2006,3
40.7642392390001,-73.827027876,Burglary,00:00,02,22,2006,3
40.7826316750001,-73.81291189,Grand Larceny,00:00,02,22,2006,3
40.826650923,-73.867894916,Motor Larceny,00:00,02,22,2006,3
40.831494004,-73.862056588,Grand Larceny,00:00,02,22,2006,3
40.9078549450001,-73.9065771259999,Burglary,00:00,02,22,2006,3
40.7126599370001,-73.7638093909999,Robbery,00:22,02,22,2006,3
40.8354947930001,-73.907820691,Burglary,00:22,02,22,2006,3
40.7033638450001,-73.928370066,Burglary,00:30,02,22,2006,3
40.7259397130001,-73.994650996,Grand Larceny,00:30,02,22,2006,3
40.7013053840001,-73.9163336989999,Burglary,00:34,02,22,2006,3
40.756860977,-73.875656664,Grand Larceny,00:40,02,22,2006,3
40.7116305270001,-73.985800365,Motor Larceny,00:45,02,22,2006,3
40.6672547860001,-73.877665699,Grand Larceny,13:00,02,22,2006,3
40.6997356470001,-73.841062011,Grand Larceny,13:00,02,22,2006,3
40.7440565470001,-73.891804861,Burglary,13:00,02,22,2006,3
40.756040182,-73.828536277,Grand Larceny,13:00,02,22,2006,3
40.8424460270001,-73.939254396,Grand Larceny,13:00,02,22,2006,3
40.620611598,-74.007115713,Grand Larceny,13:30,02,22,2006,3
40.720416678,-73.987248731,Motor Larceny,13:30,02,22,2006,3
40.751646125,-73.9843373099999,Burglary,13:30,02,22,2006,3
40.7100938470001,-74.01060963,Burglary,13:45,02,22,2006,3
40.6013562950001,-73.954461619,Burglary,14:00,02,22,2006,3
40.664105627,-73.909308301,Grand Larceny,14:00,02,22,2006,3
40.682155548,-73.812047228,Burglary,14:00,02,22,2006,3
40.7291264730001,-73.997504692,Grand Larceny,14:00,02,22,2006,3
40.7528838800001,-73.983434689,Burglary,14:00,02,22,2006,3
40.873480907,-73.9070846339999,Grand Larceny,14:00,02,22,2006,3
40.726554019,-73.987828427,Grand Larceny,14:00,02,22,2006,3
40.7177427010001,-73.9827904809999,Burglary,14:15,02,22,2006,3
40.628954477,-74.01860894,Burglary,14:20,02,22,2006,3
40.674813785,-73.97839253,Grand Larceny,14:20,02,22,2006,3
40.764818269,-73.9851897729999,Grand Larceny,14:20,02,22,2006,3
40.620796827,-74.040475461,Motor Larceny,14:30,02,22,2006,3
40.63804377,-74.0069157999999,Grand Larceny,14:30,02,22,2006,3
40.828578104,-73.904437269,Burglary,14:35,02,22,2006,3
40.822302984,-73.856171859,Grand Larceny,14:50,02,22,2006,3
40.576825489,-73.960475613,Felony Assault,15:00,02,22,2006,3
40.6513779270001,-73.955908649,Motor Larceny,15:00,02,22,2006,3
40.6572604240001,-73.924937965,Burglary,15:00,02,22,2006,3
40.659833373,-73.8947996589999,Felony Assault,15:00,02,22,2006,3
40.748830502,-73.988477604,Grand Larceny,15:00,02,22,2006,3
40.765489555,-73.9137008009999,Grand Larceny,15:00,02,22,2006,3
40.7659127970001,-73.980944144,Grand Larceny,15:00,02,22,2006,3
40.772766157,-73.945661415,Grand Larceny,15:00,02,22,2006,3
40.805364044,-73.9376627629999,Felony Assault,15:00,02,22,2006,3
40.7484076010001,-73.9865432139999,Burglary,15:20,02,22,2006,3
40.7978453210001,-73.969456851,Grand Larceny,15:25,02,22,2006,3
40.8046918530001,-73.938158254,Felony Assault,15:28,02,22,2006,3
40.7355721850001,-73.793219543,Motor Larceny,15:30,02,22,2006,3
40.8220642060001,-73.914032098,Burglary,15:30,02,22,2006,3
40.826353684,-73.8878662399999,Felony Assault,15:30,02,22,2006,3
40.8499329320001,-73.90562109,Grand Larceny,15:50,02,22,2006,3
40.690325473,-73.848390066,Burglary,16:00,02,22,2006,3
40.734963862,-73.987015014,Burglary,16:00,02,22,2006,3
40.7637124020001,-73.7359402829999,Motor Larceny,16:00,02,22,2006,3
40.8002798480001,-73.9602959919999,Grand Larceny,16:00,02,22,2006,3
40.8464613960001,-73.9340062429999,Motor Larceny,16:00,02,22,2006,3
40.85081411,-73.862121346,Grand Larceny,16:05,02,22,2006,3
40.8504175470001,-73.8680284449999,Felony Assault,16:10,02,22,2006,3
40.679766756,-73.7471320619999,Robbery,16:15,02,22,2006,3
40.694502492,-73.930828166,Felony Assault,16:15,02,22,2006,3
40.679371743,-73.912413369,Felony Assault,16:20,02,22,2006,3
40.679371743,-73.912413369,Felony Assault,16:20,02,22,2006,3
40.8220399350001,-73.891732267,Burglary,16:20,02,22,2006,3
40.7011475030001,-73.897587222,Motor Larceny,16:30,02,22,2006,3
40.707838205,-73.8053201119999,Felony Assault,16:30,02,22,2006,3
40.714127476,-73.980443115,Robbery,16:30,02,22,2006,3
40.7183441940001,-73.941979292,Burglary,16:30,02,22,2006,3
40.7322415620001,-73.992637117,Grand Larceny,16:30,02,22,2006,3
40.6760646610001,-74.00240969,Robbery,16:45,02,22,2006,3
40.75012867,-73.9875317789999,Grand Larceny,16:45,02,22,2006,3
40.719404551,-74.001884563,Robbery,16:50,02,22,2006,3
40.7112262310001,-73.9404236299999,Grand Larceny,17:00,02,22,2006,3
